id,name,rank,group,first_date,last_date
B649,"Meads, Norm",Sgt,Grp 56 - Interdiction,2012-01-04,2017-03-27
C188,"Muir, Donald",Sgt,RATT Squad 2,2012-01-04,2012-12-18
C325,"Weeks, Donald",Sgt,RATT Squad 2,2013-07-16,2013-07-23
C384,"Hatcher, Calloway",Det,Watch Center,2015-08-04,2017-11-27
C415,"Wagner, Edward",Det,Operations 1,2015-08-04,2015-12-22
C489,"Fields, Dale",Det,RATT Squad 2,2012-01-04,2012-03-04
C829,"Denford, William",Det,Grp 57 - DEA SIG,2012-01-04,2012-12-18
C844,"Martin, Stephen",Det,RATT Squad 2,2012-01-04,2012-12-18
C937,"Geiselman, Elizabeth",Det,Gun Trace Task Force-Sq 1,2012-01-04,2012-03-26
D135,"Burkett, Michael",Det,Grp 56 - Interdiction,2012-01-04,2017-09-06
D135,"Burkett, Michael",Det,Gun Registry - loc. 295,2017-09-13,2017-11-27
D311,"Gilden, John",Det,Asset Forfeiture Unit,2012-01-04,2017-05-01
D432,"Hensley, Gerald",Det,FBI Safe Streets,2016-03-10,2017-06-08
D432,"Hensley, Gerald",Det,FBI Safe Streets \ Gangs,2017-06-12,2017-11-27
D432,"Hensley, Gerald",Det,Major Case Squad 2,2013-10-21,2014-11-06
D432,"Hensley, Gerald",Det,SW1,2015-01-11,2015-05-20
D432,"Hensley, Gerald",Det,Wire,2015-05-28,2015-08-06
D432,"Hensley, Gerald",Det,WS5 (O),2012-01-04,2012-12-18
D432,"Hensley, Gerald",P/O,City Wide Intel,2013-02-20,2013-07-23
D432,"Hensley, Gerald",P/O,P/O,2013-04-15,2013-06-06
D432,"Hensley, Gerald",P/O,WS5,2013-07-24,2013-10-14
D439,"Osborne, Darryl",Det,RATT Squad 2,2012-01-04,2012-12-18
D487,"Wallner, Robert",Det,Fugitive,2015-08-04,2017-05-15
D487,"Wallner, Robert",Det,Fugitive Detailed to Colonel,2015-09-21,2016-01-27
D646,"Wilson, Ronald",Det,RATT Squad 1,2012-01-04,2017-05-15
D693,"Prescott, Lisa",Det,Balto. City Investigators,2012-01-04,2012-12-18
D733,"Adkins, Allen",Sgt,(Safe Streets to Retiring),2015-08-05,2015-09-15
D740,"Pratt, Michael",Det,ATF Group 3,2015-08-24,2017-11-27
D740,"Pratt, Michael",Det,ATG Group 3,2015-08-04,2015-08-20
D740,"Pratt, Michael",Det,Violent Crime Impact Team,2012-01-04,2012-12-18
D764,"Devine, Timothy",Lt,Cease Fire,2015-07-13,2016-12-10
D764,"Devine, Timothy",Lt,ED / NW Zones,2017-01-06,2017-03-02
D764,"Devine, Timothy",Lt,Investigations / Intel / H&S,2013-07-16,2013-08-02
D764,"Devine, Timothy",Lt,NWD ZONES,2012-01-04,2012-12-18
D764,"Devine, Timothy",Lt,SES - A,2015-05-28,2015-06-29
D764,"Devine, Timothy",Lt,SWD,2015-01-16,2015-05-20
D770,"Furlong, William",Lt,ComStat / AFU / H&S,2017-04-03,2017-11-27
D770,"Furlong, William",Lt,ComStat / Intel / Comm Investigations / H&S,2013-10-21,2017-03-27
D770,"Furlong, William",Lt,Detailed Out,NA,NA
D770,"Furlong, William",Lt,H&S,2012-01-04,2012-12-18
D770,"Furlong, William",Lt,Investigations / Intel / Covert Tech / H&S,2013-08-27,2013-10-14
D770,"Furlong, William",Lt,Investigations / Intel / H&S,2013-07-16,2013-08-21
D770,"Furlong, William",Lt,Investigations/VRO/Covert Supp,2014-05-30,2014-05-30
D807,"Dobbins, Wanda",Det,Administrative Support,2012-07-02,2012-12-18
D807,"Dobbins, Wanda",Det,CI Info / 666-DRUG,2012-01-04,2012-06-18
D807,"Dobbins, Wanda",Det,Sgt,2012-06-26,2012-06-26
D816,"Watkins, Charlene",Det,City Yard,2012-01-04,2017-05-15
D837,"Haskins, Donald",Det,Gun Trace Task Force-Sq 1,2012-01-04,2012-03-26
D840,"Hartman, Craig",Lt,RATT / ATF / VCIT,2012-01-04,2012-02-03
D840,"Hartman, Craig",Lt,RATT / ATF/DISARM,2012-02-09,2012-12-18
D840,"Hartman, Craig",Lt,RATT / AUTO CRIMES,2013-07-16,2016-03-10
D850,"Madigan, John",Det,Command Investigations,2015-08-19,2015-09-30
D850,"Madigan, John",Det,Command Investigations / Payroll,2015-10-01,2016-01-27
D850,"Madigan, John",Det,Crime Analysis/Intel/Comm Investigations,2015-08-04,2015-08-06
D850,"Madigan, John",Det,General,2016-01-29,2017-05-08
D869,"Hester, Glenn",Det,Grp 34 - Diversion,2016-03-09,2017-11-27
D869,"Hester, Glenn",Det,Grp 59 - Diversion,2012-01-04,2016-02-25
D898,"Smith, Christopher",Det,RATT Squad 2,2015-08-04,2016-05-31
D907,"Quinter, Stacy",Det,Gun Registry,2012-01-04,2016-08-04
D971,"Calpin, John",Det,U/C Squad (V),2013-08-02,2013-08-02
E038,"Paul, Thomas",Det,RATT Squad 1,2012-01-04,2017-05-15
E041,"Baskette, Kevin",Det,Admin/ComStat/CA/Intel,2013-07-16,2013-10-14
E041,"Baskette, Kevin",Det,Administrative Support,2012-07-02,2012-12-18
E041,"Baskette, Kevin",Det,ComStat / CA / H&S / CI's,2013-10-21,2015-06-02
E041,"Baskette, Kevin",Det,Detailed Out,2015-08-04,2015-08-04
E041,"Baskette, Kevin",Det,Sgt,2012-01-04,2012-06-26
E104,"Smith, Thomas",Sgt,Grp 57 - DEA SIG,2012-01-04,2016-07-25
E106,"Gerber, Scott",Sgt,Fugitive Detailed to Colonel,2015-10-01,2015-10-01
E106,"Gerber, Scott",Sgt,Juvenile,2015-08-04,2017-01-06
E130,"Matulonis, Brian",Lt,(Gangs to SAO),2015-10-01,2016-01-05
E130,"Matulonis, Brian",Lt,Detailed Out,2016-01-27,2017-03-07
E147,"Hennlein, Michael",Sgt,Homicide,2015-08-04,2017-05-15
E218,"Siegmund, Leo",Det,CI Coordinator,2017-09-13,2017-11-27
E218,"Siegmund, Leo",Det,ComStat / CA / H&S / CI's,2013-10-21,2017-09-06
E218,"Siegmund, Leo",Det,Sgt,2015-08-04,2015-10-01
E218,"Siegmund, Leo",Det,WS4 (N),2012-01-04,2012-12-18
E218,"Siegmund, Leo",P/O,WS4,2013-03-08,2013-10-14
E218,"Siegmund, Leo",P/O,WS4 (N),2013-02-20,2013-03-05
E224,"Clasing, David",Det,Grp 56 - Interdiction,2012-01-04,2017-11-27
E270,"Hartsock, Gary",Det,Asset Forfeiture Unit,2012-01-04,2012-12-18
E305,"Guzman, Michael",Sgt,WS1,2012-01-04,2013-12-17
E318,"Gray, Edward",Det,Asset Forfeiture Unit,2012-01-04,2015-09-15
E339,"Johnson, Michael",Sgt,ATF DISARM,2012-01-04,2017-04-18
E359,"Greene, Gregory",Det,Fugitive,2015-08-04,2015-09-16
E359,"Greene, Gregory",Det,Fugitive Detailed to Colonel,2015-09-21,2016-01-27
E379,"Emich, Chris",Sgt,Admin/ComStat/CA/Intel,2013-07-16,2013-10-14
E379,"Emich, Chris",Sgt,ComStat / CA / H&S / CI's,2013-10-21,2016-02-04
E379,"Emich, Chris",Sgt,Crime Analysis/ComStat/Intel,2012-01-04,2012-12-18
E379,"Sgt Emich, Chris",SIC,CI / Intel / Comm Investigations / H&S,2015-05-19,2015-05-20
E379,"Sgt Emich, Chris",SIC,ComStat / Intel / Comm Investigations / H&S,2015-03-25,2015-08-04
E379,"SIC Emich, Chris",Lt,ComStat / Intel / Comm Investigations / H&S,2015-08-05,2015-10-01
E394,"McClaskey, George",Sgt,Tech,2015-08-04,2015-08-06
E406,"Glenn, Michael",Det,ATF DISARM,2012-01-04,2016-03-09
E415,"Button, Bruce",Det,Balto. City Investigators,2012-01-04,2013-07-23
E428,"Yamin, Gary",Sgt,Cyber Crimes Unit,2017-01-06,2017-06-08
E428,"Yamin, Gary",Sgt,Terminal Leave,2017-07-12,2017-09-19
E428,"Yamin, Lewis",Sgt,Cyber Crimes,2015-08-04,2015-09-23
E440,"Allen, Edgar",Det,ATF DISARM,2012-01-04,2017-05-08
E450,"Harris, William",Sgt,Administrative Support,2012-07-02,2012-12-18
E483,"Dixon, Duane",Det,Felony/Robbery,2015-08-04,2017-05-15
E549,"Danzy, Danny",Det,Domestic,2015-08-04,2016-08-31
E549,"Danzy, Danny",Det,General,2016-09-01,2017-05-08
E573,"Pinto, Edward",Det,Cease Fire 2,2015-10-05,2016-12-10
E573,"Pinto, Edward",Det,NW 2,2017-01-06,2017-03-02
E573,"Pinto, Edward",Det,SES 3,2015-05-28,2015-10-01
E573,"Pinto, Edward",Det,SW3,2015-01-11,2015-05-20
E573,"Pinto, Edward",Det,WS1,2014-06-12,2014-06-16
E573,"Pinto, Edward",Det,WS4,2013-10-21,2014-11-06
E573,"Pinto, Edward",P/O,Squad A,2013-07-16,2013-10-14
E617,"Notargiacomo, Mario",Det,Tech,2015-08-04,2015-08-06
E617,"Notargiacomo, Mario",Det,Tech Unit,2017-01-06,2017-09-06
E624,"Parker, Reggie",Det,NE1,2012-01-04,2012-12-18
E624,"Parker, Reggie",P/O,NE1,2013-02-20,2013-06-06
E626,"Salefski, Daniel",Sgt,ES2,2013-03-08,2013-09-10
E626,"Salefski, Daniel",Sgt,ES2 (K),2012-01-04,2013-03-05
E626,"Salefski, Daniel",Sgt,Squad B,2013-09-20,2013-10-14
E654,"Brown, Nicole",Det,Command Investigations,2012-06-26,2012-10-01
E654,"Brown, Nicole",Det,Command Investigations/Insp,2012-10-02,2012-10-15
E654,"Brown, Nicole",Det,Integrity Control/Command Investigations,2012-01-04,2012-06-18
E673,"Knoerlein, William",Sgt,ATF Group 3,2015-08-24,2017-11-27
E673,"Knoerlein, William",Sgt,ATG Group 3,2015-08-04,2015-08-20
E673,"Knoerlein, William",Sgt,Violent Crime Impact Team,2012-02-09,2012-12-18
E673,"Knoerlein, William",Sgt,VRO Squad-West,2012-01-04,2012-02-03
E681,"Jennings, Corey",Det,NE1,2012-04-11,2012-12-18
E681,"Jennings, Corey",P/O,NE1,2013-02-20,2013-06-06
E684,"Baier, Michael",Det,FBI Safe Streets,2015-08-04,2015-09-25
E703,"Williams, Earl",Sgt,Grp 51 - Violent Traffickers,2015-08-04,2017-06-12
E703,"Williams, Earl",Sgt,Grp 54,2012-01-04,2012-12-18
E703,"Williams, Earl",Sgt,Grp 56 - Interdiction,2017-07-12,2017-11-27
E710,"Taylor, John",Sgt,Asset Forfeiture Unit,2012-01-04,2017-11-27
E732,"Passamichalis,",Det,Grp 56 - Interdiction,2012-01-04,2012-12-18
E745,"Moore, Thomas",Det,Juvenile,2015-08-04,2017-05-15
E751,"Knight, David",Det,U/C Squad (V),2013-08-02,2013-08-02
E760,"Jendrek, John",Det,Grp 57 - DEA SIG,2015-08-04,2017-11-27
E766,"Dressel, Michael",Det,ATT,2015-08-04,2017-05-15
E774,"Jerscheid, Michael",Det,RATT Squad 2,2012-01-04,2016-07-25
E788,"Jones, Eyvette",Det,Domestic,2015-08-19,2015-08-25
E788,"Jones, Eyvette",Det,Fugitive,2015-09-15,2015-09-16
E788,"Jones, Eyvette",Det,General,2016-07-19,2017-05-08
E812,"Jones, Shelton",Det,Vice A - Club Enforcement,2013-08-02,2013-08-02
E831,"Manns, Karen",P/O,Admin/ComStat/CA/Intel,2013-07-16,2013-10-14
E874,"Ellison, Tony",Sgt,City Yard,2015-09-15,2017-03-07
E874,"Ellison, Tony",Sgt,ES1,2013-10-21,2014-09-23
E874,"Ellison, Tony",Sgt,ES6,2013-02-20,2013-10-14
E874,"Ellison, Tony",Sgt,ES6 (H),2012-07-09,2012-12-18
E874,"Ellison, Tony",Sgt,RATT Squad 1,2017-03-16,2017-05-15
E874,"Ellison, Tony",Sgt,RATT Squad 2,2015-10-01,2015-10-01
E874,"Ellison, Tony",Sgt,SES 2,2015-05-28,2015-09-21
E874,"Ellison, Tony",Sgt,SW2,2015-01-11,2015-05-20
E874,"Ellison, Tony",Sgt,WS3,2014-10-07,2014-11-06
E881,"Leake, Nicole",Det,RATT Squad 1,2015-08-04,2017-05-15
E889,"Allen, Rodney",Det,Gun Registry,2012-01-04,2012-03-26
E895,"Fries, Michael",Lt,ATT / FBI Safe Streets,2016-03-29,2016-03-29
E895,"Fries, Michael",Lt,ATT / VRO,2015-08-04,2016-01-05
E895,"Fries, Michael",Lt,ATT / VRO / FBI Safe Streets,2016-01-27,2016-11-28
E895,"Fries, Michael",Lt,VRO SQUADS,2012-01-04,2012-02-03
E895,"Fries, Michael",Lt,VRO/UC/VCIT,2012-02-09,2012-12-18
E895,"Fries, Michael",Lt,WATF / E&A,2016-12-10,2017-05-15
E911,"Rhoden, James",Sgt,Command Investigations,2012-06-26,2012-10-01
E911,"Rhoden, James",Sgt,Command Investigations/Insp,2012-10-02,2012-12-18
E911,"Rhoden, James",Sgt,Integrity Control/Command Investigations,2012-01-04,2012-06-18
E924,"Ellis, Lavern",Sgt,Command Investigations,NA,NA
E924,"Ellis, Lavern",Sgt,Command Investigations / Payroll,2015-10-01,2016-01-27
E924,"Ellis, Laverne",Sgt,Command Investigations,2013-07-16,2013-09-10
E941,"Esworthy, Lee",Det,RATT Squad 2,2012-01-04,2012-12-18
E945,"Geho, Tracy",Lt,ED ZONES,2012-01-04,2012-02-09
E945,"Geho, Tracy",Lt,NED ZONES,2012-01-04,2012-12-04
E945,"Geho, Tracy",Lt,SE / ED Initiative,2013-07-16,2013-09-27
E952,"Moore, Bryant",Lt,HIDTA GROUPS,2012-01-04,2017-11-27
E954,"Furman, Leo",Sgt,ICE / JTTF,2017-01-06,2017-11-27
E954,"Furman, Leo",Sgt,ICE / JTTF/OPS,2015-08-04,2016-01-05
E968,"Williams, Craig",Det,Shooting,2015-08-04,2017-05-15
E971,"MacDonald, William",Sgt,Watch Center,2015-08-04,2017-11-27
E973,"Bristol, William",Sgt,Grp 51 - Violent Traffickers,2012-01-04,2012-12-18
E973,"Bristol, William",Sgt,Grp 54,2015-08-04,2017-11-27
E987,"Gladstone, Keith",Sgt,Cease Fire 1,2014-05-30,2016-12-10
E987,"Gladstone, Keith",Sgt,NW1,2017-01-06,2017-03-02
E987,"Gladstone, Keith",Sgt,WS1,2014-01-07,2014-05-27
E995,"Wilhelm, Michael",Sgt,Gun Registry,2012-01-04,2017-04-18
E995,"Wilhelm, Michael",Sgt,Gun Registry - loc. 295,2017-05-01,2017-09-19
F019,"Geddis, Eric",Det,RATT Squad 1,2012-01-04,2013-07-23
F020,"Eldridge, Manuel",Det,Watch Center,2015-08-04,2015-08-06
F046,"Lansey, Anthony",Det,Homicide,2015-08-04,2017-05-15
F055,"Keene, Garrett",Det,Crime Analysis/ComStat/Intel,2012-01-04,2012-11-28
F060,"McDermott, David",Det,Gun Registry,2015-08-04,2016-02-09
F061,"Williams, Andrew",Det,Detailed Out Pending Transfer 11/29,2012-11-25,2012-11-28
F068,"Schmidt, Charles",Sgt,ES5,2013-02-20,2013-10-14
F068,"Schmidt, Charles",Sgt,ES5 (I),2012-02-13,2012-12-18
F068,"Schmidt, Charles",Sgt,ES9 (I),2012-01-04,2012-02-09
F068,"Schmidt, Charles",Sgt,Major Case Squad 2,2013-10-21,2014-11-06
F068,"Schmidt, Charles",Sgt,SW1,2015-01-11,2015-01-28
F068,"Schmidt, Charles",SIC,Major Case Squads,2014-10-07,2014-11-06
F068,"Schmidt, Charles Jr",Sgt,Homeland Security Task Force,2015-10-01,2017-11-27
F068,"Schmidt, Charles Jr",Sgt,SW1,2015-02-20,2015-05-20
F068,"Schmidt, Charles Jr",Sgt,Wire,NA,NA
F107,"Rach, Carl",Sgt,(Gangs to SAO),2015-08-05,2015-09-15
F107,"Rach, Carl",Sgt,FBI Safe Streets,2015-08-04,2015-08-04
F109,"Everett, Roan",Det,Balto. City Investigators,2015-09-15,2017-03-07
F109,"Everett, Roan",Det,ComStat,2017-03-16,2017-11-27
F109,"Everett, Roan",Off,Watch Center,2015-08-04,2015-08-06
F117,"Frauenhoffer, Jim",Det,RATT Squad 2,2012-01-04,2017-05-15
F120,"Tillery, Tyrone",Det,City Yard,2015-08-04,2016-07-25
F142,"Sgambati, Anthony",Det,U/C Squad (V),2013-08-02,2013-08-02
F154,"Ostrow, Derek",Det,FBI / JTTF,2017-01-06,2017-11-27
F154,"Ostrow, Derek",Det,FBI Safe Streets,2015-08-04,2016-07-22
F154,"Ostrow, Derek",Det,Grp 54,2012-01-04,2012-12-18
F202,"Bland, Freddie",Sgt,RATT Squad 1,2012-01-04,2017-03-07
F208,"Rodgers, Rena",Sgt,CI Funds / Inspections,2012-06-26,2012-10-01
F208,"Rodgers, Rena",Sgt,CI Funds / Payroll,2012-10-02,2012-12-18
F214,"Williams, Earl",Det,Domestic,2015-10-13,2016-05-02
F216,"Dorsey, Alan",P/O,ES6,2013-02-20,2013-06-06
F216,"Dorsey, Alan",P/O,ES6 (H),2012-11-25,2012-12-18
F261,"Ondek, John",Det,Covert Tech Support,2013-08-02,2013-08-02
F261,"Ondek, John",Det,Covert Unit,2016-03-10,2016-07-25
F296,"Azur, David",Det,ATF DISARM,2012-01-04,2017-11-27
F318,"Jones, Kevin",Lt,ED ZONES,2013-08-20,2014-04-08
F318,"Jones, Kevin",Sgt,Gun Trace Task Force-Sq 1,2012-01-04,2012-03-26
F319,"Gary, Michael",Det,Fugitive,2015-08-04,2017-05-15
F319,"Gary, Michael",Det,Fugitive Detailed to Colonel,2015-09-21,2016-01-27
F344,"Roseborough, Kevin",Det,Violent Crime Impact Team,2012-01-04,2012-08-01
F363,"Wilson, Thomas",Det,Detailed Out,2015-09-15,2015-09-15
F363,"Wilson, Thomas",Det,Domestic,2015-08-04,2016-07-17
F363,"Wilson, Thomas",Det,VRO Squad-West,2012-01-04,2012-12-04
F375,"Paradise, John",Lt,Watch Center,2017-01-06,2017-11-27
F383,"Gerace, Robert",Det,US Customs-Money Launder,2012-01-04,2012-12-18
F390,"Hatchett, Dion",Lt,Community Stabilization - East,2016-03-10,2016-08-04
F390,"Hatchett, Dion",Lt,RATT / AUTO CRIMES,2016-08-08,2016-09-26
F408,"Harvey, Tremaine",P/O,Sgt,2013-09-20,2013-09-27
F408,"Harvey, Tremaine",P/O,Squad A,2013-10-01,2013-10-14
F408,"Harvey, Tremaine",P/O,Squad B,2013-07-16,2013-09-10
F408,"Harvey, Tremaine",P/O,Squad C,2013-09-30,2013-09-30
F413,"Benson, Keith",Det,Grp 57 - DEA SIG,2012-01-04,2012-12-18
F426,"Honaker, Mark",Det,Balto. City Investigators,2015-08-04,2015-08-04
F431,"Hall, Michael",Det,Balto. City Investigators,2013-07-16,2017-05-15
F431,"Hall, Michael",Det,RATT Squad 1,2012-01-04,2012-12-18
F434,"Pittman, Arnold",Det,Cyber Crimes,2015-08-05,2015-09-23
F434,"Pittman, Arnold",Det,Cyber Crimes Unit,2017-01-06,2017-11-27
F434,"Pittman, Arnold",Det,Secret Service,2015-08-04,2015-08-04
F442,"Stephens, Warren",Sgt,Squad A,2013-07-16,2013-10-14
F447,"Rivera, Victor",Det,ES5 (I),2012-02-13,2012-02-13
F447,"Rivera, Victor",Det,ES9 (I),2012-01-04,2012-02-09
F447,"Rivera, Victor",Det,NE1,2012-03-28,2012-09-17
F461,"Gialamas,",Sgt,Detailed Out,2012-01-24,2013-10-14
F461,"Gialamas, Marinos",Sgt,ES8 (H),2012-01-04,2012-01-20
F475,"Fyffe, Danny",Det,Major Case Squad 2,2013-10-21,2014-11-06
F475,"Fyffe, Danny",Det,SW1,2015-01-11,2015-01-28
F475,"Fyffe, Danny",Det,WS5 (O),2012-01-04,2012-12-18
F475,"Fyffe, Danny",P/O,City Wide Intel,2013-02-20,2013-07-23
F475,"Fyffe, Danny",P/O,P/O,2013-04-15,2013-06-06
F475,"Fyffe, Danny",P/O,WS5,2013-07-24,2013-10-14
F475,"Fyffe, Danny Jr",Det,ComStat / CA / H&S / CI's,2015-06-23,2017-09-06
F475,"Fyffe, Danny Jr",Det,Intel / War Room,2017-09-13,2017-11-27
F475,"Fyffe, Danny Jr",Det,Sgt,2015-08-04,2015-10-01
F475,"Fyffe, Danny Jr",Det,SW1,2015-02-20,2015-05-20
F475,"Fyffe, Danny Jr",Det,Wire,2015-05-28,2015-06-15
F480,"Jansen, Eric",Det,Gun Trace Task Force-Sq 1,2012-01-04,2012-03-26
F495,"Coleman, Michael",Det,ATF Group 6,2015-08-04,2017-11-27
F495,"Coleman, Michael",Det,Violent Crime Impact Team,2012-01-04,2012-12-18
F509,"Wine, Doug",Det,Intel Ops,2017-01-06,2017-11-27
F509,"Wine, Doug",Det,Operations 1,2015-08-04,2016-01-05
F509,"Wine, Douglas",Det,Detailed Out,2015-08-04,2015-08-06
F512,"Martini, Harvey",Sgt,ComStat,2017-07-12,2017-11-27
F512,"Martini, Harvey",Sgt,Cyber Crimes Unit,2017-06-12,2017-06-12
F512,"Martini, Harvey",Sgt,ES4,2013-02-20,2013-10-14
F512,"Martini, Harvey",Sgt,ES4 (E),2012-01-04,2012-12-18
F512,"Martini, Harvey",Sgt,Gang Unit - Loc 347,2015-08-04,2017-05-15
F516,"Boyd, Chris",Det,ATT,2015-08-04,2017-05-15
F531,"Bailey, Leonardo",Sgt,Squad A,2013-07-16,2013-10-14
F551,"Pitocchelli, Julie",Det,FBI Safe Streets,2015-08-04,2017-06-08
F551,"Pitocchelli, Julie",Det,FBI Safe Streets \ Gangs,2017-06-12,2017-11-27
F558,"Ramberg, Ken",Det,Intel Ops,2017-01-25,2017-02-02
F558,"Ramberg, Kenneth",Det,FBI Safe Streets,2015-10-01,2015-10-13
F558,"Ramberg, Kenneth",Det,Intel Ops,2017-01-06,2017-01-16
F558,"Ramberg, Kenneth",Det,Operations 1,2015-10-28,2016-01-05
F558,"Ramberg, Kenneth",Det,VRO Squad-East,2012-01-04,2012-12-18
F558,"Ramberg, Kenneth Susp Medical",Det,FBI Safe Streets,2015-09-16,2015-09-30
F576,"Snead, Robert",Lt,WATF / E&A,2015-11-25,2016-09-26
F593,"Velte, Robert",Sgt,U/C Squad (V),2012-12-18,2013-08-02
F595,"Danielczyk, Scott",Sgt,ATT,2015-08-04,2017-05-15
F617,"Price, Sterling",Sgt,Shooting,2015-08-04,2017-05-15
F630,"Ferguson, Aaron",Sgt,City Yard,2012-01-04,2012-11-19
F630,"Ferguson, Aaron",Sgt,Detailed Out Pending Transfer 11/29,2012-11-25,2012-11-28
F635,"Jones, Joe",Lt,Cease Fire Coordinator,2016-03-10,2017-03-07
F635,"Jones, Joe",Lt,RATT / AUTO CRIMES,2017-05-08,2017-05-15
F670,"Shores, Donald",Det,Cyber Crimes,2015-08-04,2015-09-23
F676,"Valenzia, Richard",Sgt,Command Investigations,2015-08-19,2015-09-30
F676,"Valenzia, Richard",Sgt,Command Investigations / Payroll,2015-10-01,2016-01-27
F676,"Valenzia, Richard",Sgt,Crime Analysis/Intel/Comm Investigations,2015-08-04,2015-08-06
F676,"Valenzia, Richard",Sgt,General,2016-01-29,2017-05-15
F681,"Hood, Samuel",Lt,Citi Watch,2017-01-06,2017-11-27
F692,"Ginevra, Michael",Det,Detailed Out Pending Transfer 11/29,2012-11-25,2012-11-28
F692,"Ginevra, Michael",Det,NW1 (A),2012-07-09,2012-11-19
F692,"Ginevra, Michael",Det,NW4 (D),2012-01-04,2012-07-02
F700,"Biehler, Brian",Det,Grp 57 - DEA SIG,2012-01-04,2012-07-09
F700,"Biehler, Brian",Det,NE2,2012-07-11,2012-08-16
F710,"Ford, Brian",Det,Grp 54,2015-08-04,2017-11-27
F710,"Ford, Brian",Det,Major Case Squad 1,2013-10-21,2014-02-06
F710,"Ford, Brian",Det,WD 1,2017-02-15,2017-03-02
F710,"Ford, Brian",Det,WS7,2012-01-04,2012-12-18
F710,"Ford, Brian",P/O,WS2,2013-03-08,2013-10-14
F710,"Ford, Brian",P/O,WS7,2013-02-20,2013-03-05
F723,"Mason, Rodney",Det,FBI / JTTF,2017-01-06,2017-11-27
F723,"Mason, Rodney",Det,Joint Terrorist Task Force,2015-08-04,2016-01-05
F727,"Crosby, Bradley",Det,Gun Trafficking,2012-01-04,2012-12-18
F729,"Earp, Phillip",Det,FBI / JTTF,2017-01-06,2017-11-27
F729,"Earp, Phillip",Det,Joint Terrorist Task Force,2015-08-04,2016-01-05
F733,"Disney, Shirley",Det,ATT,2015-08-04,2017-05-15
F750,"Matzerath, John",Det,Asset Forfeiture Unit,2012-01-04,2012-10-08
F750,"Matzerath, John",Det,IRS/SAR Task Force *,2015-08-04,2017-11-27
F750,"Matzerath, John",Det,SARS Task Force,2012-10-15,2012-12-18
F756,"Connolly, Kendall",Det,Joint Terrorist Task Force,2015-08-04,2015-10-13
F765,"Dunton, Kevin",Det,Detailed Out,2016-04-19,2017-03-07
F765,"Dunton, Kevin",Det,Vice C - Prostitution,2013-08-02,2013-08-02
F778,"Fox, Vincent",Det,Detailed Out,2014-01-07,2014-02-26
F778,"Fox, Vincent",Det,WS1,2012-01-04,2013-12-17
F778,"Fox, Vincent",P/O,WS1,2013-02-20,2013-10-14
F779,"Hagee, Charles",Det,Admin/ComStat/CA/Intel,2013-07-16,2013-10-14
F779,"Hagee, Charles",Det,Administrative Support,2012-07-02,2012-12-18
F779,"Hagee, Charles",Det,Detailed Out,NA,NA
F779,"Hagee, Charles",Det,Sgt,2012-01-04,2012-06-26
F787,"Mahan, Steve",Det,NE1,2012-05-10,2012-12-18
F787,"Mahan, Steve",P/O,NE1,2013-02-20,2013-06-06
F787,"Mahan, Steven",Det,NE1,2012-01-04,2012-03-21
F793,"Hoover, William",Sgt,Felony/Robbery,2015-08-04,2017-05-15
F797,"Smith, Michael",Sgt,Domestic,2016-08-08,2017-05-15
F797,"Smith, Michael",Sgt,ES Response Team,2016-03-10,2016-08-04
F797,"Smith, Michael",Sgt,Major Case Squad 1,2013-10-21,2014-11-06
F797,"Smith, Michael",Sgt,NW3,2015-01-11,2015-05-20
F797,"Smith, Michael",Sgt,SES 4,2015-05-28,2015-11-11
F797,"Smith, Michael",Sgt,SEU 4,2015-11-12,2016-03-09
F797,"Smith, Michael",Sgt,WS2,2013-03-08,2013-10-14
F797,"Smith, Michael",Sgt,WS7,2012-01-04,2013-03-05
F814,"Vigue, George",Det,Grp 56 - Interdiction,2012-03-06,2017-11-27
F817,"Bradley, William",Det,Vice C - Prostitution,2013-08-02,2013-08-02
F820,"Greenhill,",Det,Vice A - Club Enforcement,2013-08-02,2013-08-02
F821,"Grueninger, Greg",Sgt,Citi Watch,2015-08-04,2015-08-06
F822,"Molinaro, Gene",Det,Asset Forfeiture Unit,2012-08-29,2017-11-27
F822,"Molinaro, Gene",Det,WS4 (N),2012-01-04,2012-08-16
F834,"Thomas, Eric",Det,Felony/Robbery,2015-08-04,2017-05-15
F838,"Stauder, Jeffrey",Det,Command Investigations,2013-10-21,2014-05-22
F838,"Stauder, Jeffrey",Det,Detailed Out,2014-01-24,2014-05-12
F838,"Stauder, Jeffrey",P/O,Command Investigations,2013-07-16,2013-10-14
F840,"Blackwell, Troy",Sgt,ES Comm Stabilization Team 1,2016-03-10,2016-08-09
F840,"Blackwell, Troy",Sgt,Fugitive,2016-11-28,2017-05-15
F840,"Blackwell, Troy",Sgt,Violence Reduction Team 1,2016-08-19,2016-11-09
F840,"Blackwell, Troy",Sgt,WS1,2014-06-17,2014-11-06
F886,"Manning, Richard",Det,Juvenile,2015-08-04,2017-05-15
F892,"Johnson, Eric",Det,Fugitive,2015-09-16,2017-05-15
F892,"Johnson, Eric",Det,Fugitive Detailed to Colonel,2015-09-21,2016-01-27
F892,"Williams, Earl",Det,Domestic,2015-09-15,2015-10-09
F902,"Lopez, Angel",Det,US Customs-Money Launder,2012-01-04,2015-10-13
F907,"Boyd, Greg",Det,ES1 (J),2012-01-04,2012-09-17
F907,"Boyd, Greg",P/O,ES1,2013-06-03,2013-06-03
F922,"DeFranco, Michael",Det,ATF Group 3,2015-08-24,2017-11-27
F922,"DeFranco, Michael",Det,ATG Group 3,2015-08-04,2015-08-20
F922,"DeFranco, Michael",Det,Violent Crime Impact Team,2012-01-04,2012-12-18
F924,"Sokolowski, Keith",Det,Grp 52 - Heroin Task Force,2012-01-04,2017-11-27
F927,"Jones, Kevin",Det,Intel Ops,2017-01-06,2017-11-27
F927,"Jones, Kevin",Det,Operations 1,2015-09-15,2016-01-05
F927,"Jones, Kevin",Det,Watch Center,2015-08-04,2015-08-06
F931,"Ardis, Vicky",Det,RATT Squad 2,2015-08-04,2017-05-15
F934,"Allers, Thomas",Sgt,Grp 52 - Heroin Task Force,2016-06-17,2017-03-01
F934,"Allers, Thomas",Sgt,Gun Trace Task Force,2015-08-04,2016-06-13
F937,"Neuens, Robert",Det,Homicide,2015-08-04,2017-05-15
F939,"Grear, Clarence",Det,Watch Center,2015-08-04,2017-11-27
F954,"Landing, Corey",Det,Grp 52 - Heroin Task Force,2012-01-04,2017-11-27
F956,"Bell, Ivan",Det,Military Leave,2013-08-02,2013-08-02
F960,"Miller, Sean",Lt,WD ZONES,2012-01-04,2012-08-02
F966,"Tyson, Kaytee",Det,FBI Child Trafficking Taskforce,2017-01-06,2017-11-27
F966,"Tyson, KayTee",Det,Human Trafficking,2015-08-04,2015-09-23
F969,"O'Ree, Chris",Lt,ATF,2015-12-21,2017-01-06
F969,"O'Ree, Chris",Lt,Cease Fire,NA,NA
F969,"O'Ree, Chris",Lt,Investigations/VRO/Covert Supp,2013-10-21,2014-05-27
F969,"O'Ree, Chris",Lt,NWD ZONES,2013-07-16,2013-10-14
F974,"German, Marjorie",Lt,Community Stabilization,2016-08-08,2016-08-09
F974,"German, Marjorie",Lt,Community Stabilization - West,NA,NA
F974,"German, Marjorie",Lt,NWD,2015-01-16,2015-05-20
F974,"German, Marjorie",Lt,SES - A,2015-07-13,2015-08-04
F974,"German, Marjorie",Lt,SES - B,NA,NA
F974,"German, Marjorie",Lt,Violence Reduction,2016-08-19,2016-12-10
F974,"German, Marjorie",Lt,WD / SW Zones,2017-01-06,2017-03-02
F974,"German, Marjorie",Sgt,NW2,2013-02-20,2013-10-14
F974,"German, Marjorie",Sgt,NW2 (B),2012-01-04,2012-12-18
F974,"German, Marjorie",Sgt,VRO Squad,2013-10-21,2014-04-29
F979,"Amador, Robert",Sgt,City Wide Intel,2013-02-20,2013-07-23
F979,"Amador, Robert",Sgt,WS5,2013-07-24,2013-08-06
F979,"Amador, Robert",Sgt,WS5 (O),2012-01-04,2012-12-18
F985,"George, Michael",Det,Detailed Out Pending Transfer 11/29,2012-11-25,2012-11-28
F985,"George, Michael",Det,NW4 (D),2012-01-04,2012-11-12
F989,"Schmidt, Christopher",Sgt,NE2,2012-01-04,2013-06-06
F990,"Thompson, Earl",Det,Detailed In,2017-03-16,2017-05-15
F990,"Thompson, Earl",Det,Shooting,2015-11-11,2017-05-15
F993,"Lee, Alex",Sgt,ComStat,2017-01-06,2017-06-12
F997,"Brown, Margaret",Det,Domestic,2015-08-04,2017-05-15
G026,"Murphy, Darryl",Lt,Pennsy Ave Initiative,2013-07-16,2013-10-14
G026,"Murphy, Darryl",Lt,SWD,2015-01-11,2015-01-11
G026,"Murphy, Darryl",Lt,Tri-District Initiative,2013-07-16,2013-10-14
G026,"Murphy, Darryl",Lt,WD ZONES,2013-10-21,2014-11-06
G026,"Murphy, Daryl",Lt,Criminal Intel,2017-01-06,2017-11-27
G026,"Murphy, Daryl",Lt,GANG,2015-08-04,2016-01-05
G026,"Murphy, Daryl",Lt,INTELLIGENCE OPS,2015-08-04,2016-01-05
G028,"Bonaparte, Heyward",Det,Vice C - Prostitution,2013-08-02,2013-08-02
G030,"Fisher, Steven",Det,Domestic,2015-08-04,2017-05-08
G039,"Stach, Timothy",Det,Detailed Out,2014-01-07,2014-02-26
G039,"Stach, Timothy",Det,WS1,2012-01-04,2013-12-17
G039,"Stach, Timothy",P/O,WS1,2013-02-20,2013-10-14
G047,"Rawlins, Clyde",Det,Juvenile,2015-08-04,2017-05-15
G059,"Brown, Derrick",Det,Cease Fire 1,2014-05-30,2016-10-24
G059,"Brown, Derrick",Det,Detailed Out,2016-11-09,2017-03-07
G059,"Brown, Derrick",Det,WS1,2012-01-04,2014-05-27
G059,"Brown, Derrick",P/O,Military Leave,2013-07-16,2013-08-19
G059,"Brown, Derrick",P/O,WS1,2013-02-20,2013-10-14
G066,"Hayden, Jonathan",Det,ATF DISARM,2012-01-04,2017-11-27
G067,"Marsh, Nevin",Det,ComStat,2017-01-06,2017-11-27
G067,"Marsh, Nevin",Off,Watch Center,2015-08-04,2015-08-06
G080,"Ali, Mohamed",Det,Domestic,2015-08-19,2016-01-27
G080,"Ali, Mohamed",Det,General,2016-01-29,2017-01-25
G082,"Hendrick, Paul",Det,Shooting,2015-08-04,2017-05-15
G084,"Rose, Steven",Det,Grp 51 - Violent Traffickers,2012-01-04,2012-12-18
G084,"Rose, Steven",Det,Grp 54,2015-08-04,2017-11-27
G098,"Adams, Wayne Jr",Det,Commander's Admin,2017-03-16,2017-11-27
G098,"Adams, Wayne Jr",Det,Major's Admin,2017-01-06,2017-03-07
G100,"Harris, Jamal",P/O,Admin/ComStat/CA/Intel,2013-07-16,2013-09-09
G100,"Harris, Jamal",P/O,Detailed Out,2013-09-10,2013-10-14
G100,"Jamal, Harris",Det,WS1,2012-01-04,2012-12-18
G135,"Cavey, Shannon",Sgt,Covert Unit,2016-03-10,2016-07-25
G135,"Cavey, Shannon",Sgt,WD ZONES,2013-09-20,2013-10-14
G135,"Cavey, Shannon",Sgt,WS1,2014-10-07,2014-10-07
G135,"Cavey, Shannon",Sgt,WS4,2013-03-08,2013-09-10
G135,"Cavey, Shannon",Sgt,WS4 (N),2012-01-04,2013-03-05
G139,"Hopkins, Brian",Sgt,Detailed Out Pending Transfer 11/29,2012-11-25,2012-11-28
G139,"Hopkins, Brian",Sgt,NW1 (A),2012-01-04,2012-11-19
G140,"Pringle, Andre",Det,Homicide,2015-08-04,2017-05-15
G156,"Burrus, Torran",Lt,ATF,2015-08-04,2015-12-14
G156,"Burrus, Torran",Lt,Detailed Out,2013-09-20,2013-10-14
G156,"Burrus, Torran",Lt,WD ZONES,2013-07-16,2013-09-10
G156,"Burrus, Torran",Sgt,Detailed Out,2012-02-09,2012-11-28
G156,"Burrus, Torran",Sgt,Violent Crime Impact Team,2012-01-04,2012-02-03
G181,"Gordon, Edward",P/O,Sgt,2013-09-20,2013-09-27
G181,"Gordon, Edward",P/O,Squad A,2013-09-30,2013-10-14
G181,"Gordon, Edward",P/O,Squad B,2013-07-16,2013-09-10
G244,"Ralph, Brian",Det,RATT Squad 1,2012-01-04,2017-05-15
G261,"Green,",Det,Detailed Out Pending Transfer 11/29,2012-11-25,2012-11-28
G261,"Green, Eric",Det,NW4 (D),2012-01-04,2012-01-12
G262,"Randolph, Ronnie",Det,ES2 (K),2012-01-04,2012-12-18
G262,"Randolph, Ronnie",P/O,ES2,2013-03-08,2013-10-14
G262,"Randolph, Ronnie",P/O,ES2 (K),2013-02-20,2013-03-05
G268,"Day, Matt",Sgt,Juvenile,2015-10-01,2015-10-01
G268,"Day, Matt",Sgt,RATT Squad 2,2015-08-04,2017-05-15
G268,"Day, Matthew",Sgt,Detailed Out,2013-09-05,2013-10-14
G268,"Day, Matthew",Sgt,ES1,2013-02-20,2013-08-27
G268,"Day, Matthew",Sgt,ES1 (J),2012-01-04,2012-12-18
G271,"LeBrun, Robert",Det,Vice C - Prostitution,2013-08-02,2013-08-02
G285,"Lascelle, Shawn",Det,U/C Squad (V),2013-08-02,2013-08-02
G288,"Rager, John",Det,City Yard,2012-01-04,2013-07-23
G288,"Rager, John",Det,RATT Squad 2,2015-08-04,2017-05-15
G293,"Halstead, Stephen",Det,RATT Squad 1,2012-01-04,2017-05-15
G297,"Stein, Daniel",Det,Admin/ComStat/CA/Intel,2013-07-16,2013-10-14
G297,"Stein, Daniel",Det,Administrative Support,2012-07-02,2012-12-18
G297,"Stein, Daniel",Det,Commander's Admin,2017-09-13,2017-11-27
G297,"Stein, Daniel",Det,ComStat / CA / H&S / CI's,2013-10-21,2017-09-06
G297,"Stein, Daniel",Det,Sgt,2012-01-04,2015-10-01
G307,"Leisher, Chris",Sgt,Vice A - Club Enforcement,2013-08-02,2013-08-02
G315,"Moody, Todd",Det,FBI Child Trafficking Taskforce,2017-01-06,2017-11-27
G315,"Moody, Todd",Det,Human Trafficking,2015-08-04,2015-09-23
G318,"Green, David",Det,Cease Fire 4,2015-05-28,2016-05-02
G318,"Green, David",Det,Homeland Security Task Force,2016-05-09,2016-05-13
G318,"Greene, David",Det,ES5 (I),2012-02-29,2012-12-18
G318,"Greene, David",Det,Homeland Security Task Force,2016-05-31,2017-11-27
G318,"Greene, David",Det,Major Case Squad 2,2013-10-21,2014-11-06
G318,"Greene, David",Det,SW1,2015-01-11,2015-01-28
G318,"Greene, David",P/O,ES5,2013-02-20,2013-10-14
G318,"Greene, David Jr",Det,SW1,2015-02-20,2015-05-20
G321,"Fair, Bryant",Det,Cyber Crimes,2015-08-04,2015-09-23
G321,"Fair, Bryant",Det,Intel Ops,2017-01-06,2017-11-27
G329,"Geare, Paul",Det,ATF DISARM,2012-01-04,2012-03-26
G329,"Geare, Paul",Det,ATF Group 3,2015-08-24,2017-11-27
G329,"Geare, Paul",Det,ATG Group 3,2015-08-04,2015-08-20
G329,"Geare, Paul",Det,Violent Crime Impact Team,2012-03-28,2012-12-18
G330,"Miller, Michael",Det,Domestic,2016-03-10,2016-08-31
G330,"Miller, Michael",Det,Felony/Robbery,2016-09-01,2017-05-15
G333,"Schreyer, Chris",Det,Domestic,2016-08-08,2016-08-31
G333,"Schreyer, Chris",Det,ES Response Team,2016-03-10,2016-08-04
G333,"Schreyer, Chris",Det,General,2016-09-01,2017-05-08
G333,"Schreyer, Chris",Det,Major Case Squad 1,2013-10-21,2014-11-06
G333,"Schreyer, Chris",Det,NW3,2015-01-11,2015-05-20
G333,"Schreyer, Chris",Det,SES 4,2015-05-28,2015-11-11
G333,"Schreyer, Chris",Det,SEU 4,2015-11-12,2016-03-09
G333,"Schreyer, Chris",Det,WS7,2012-01-04,2012-12-18
G333,"Schreyer, Chris",P/O,WS2,2013-03-08,2013-10-14
G333,"Schreyer, Chris",P/O,WS7,2013-02-20,2013-03-05
G334,"Glanville, Christopher",Det,Shooting,2015-08-04,2017-05-15
G348,"Burton, Joseph",Sgt,ATT,2015-08-04,2017-05-15
G348,"Burton, Joseph",Sgt,VRO Squad-East,2012-01-04,2012-12-18
G351,"Faller, Christopher",Det,ATF Group 3,2015-08-24,2017-11-27
G351,"Faller, Christopher",Det,ATG Group 3,2015-08-04,2015-08-20
G351,"Faller, Christopher",Det,Violent Crime Impact Team,2012-01-04,2012-12-18
G354,"Alvarez, Amado",Sgt,NE1,2012-01-04,2013-06-06
G358,"Collins, Michael",Det,Grp 51 - Violent Traffickers,2012-01-04,2017-11-27
G366,"Golimonski, Frank",Det,WS1,2014-10-07,2014-10-20
G366,"Golimowski,",Det,Detailed Out,2014-07-31,2014-09-23
G366,"Golimowski, Frank",Det,Cease Fire 4,2015-01-11,2016-12-10
G366,"Golimowski, Frank",Det,Det,2014-05-30,2014-05-30
G366,"Golimowski, Frank",Det,ED 2,2017-01-06,2017-03-02
G366,"Golimowski, Frank",Det,ES4 (E),2012-11-26,2012-12-18
G366,"Golimowski, Frank",Det,WS1,2014-06-12,2014-11-06
G366,"Golimowski, Frank",Det,WS3,2013-10-21,2014-05-27
G366,"Golimowski, Frank",P/O,ES4,2013-02-20,2013-10-14
G366,"Golimowski, Frank",P/O,ES4 (E),2012-08-02,2012-11-25
G389,"Fries, Suzanne",Lt,Vice,2012-02-09,2012-12-18
G389,"Fries, Suzanne",Lt,Vice / UC,2013-07-16,2014-05-30
G389,"Fries, Suzanne",Lt,Vice / UC / INVESTIGATIONS,2014-06-12,2014-07-07
G389,"Fries, Suzanne",Lt,Vice/ UC Squads,2014-10-07,2014-11-06
G389,"Fries, Suzanne",Lt,Vice/UC Squad,2012-01-04,2012-02-03
G389,"Fries, Suzanne",Lt,Vice/UC Squads,2015-01-11,2016-01-05
G389,"Fries, Suzanne",Lt,Vice/UnderCover / HSI Squads,2016-01-27,2017-11-27
G391,"Talley, Christopher",Sgt,NW4,2013-02-20,2013-10-14
G391,"Talley, Christopher",Sgt,NW4 (D),2012-01-04,2012-12-18
G400,"Bradley, James",Det,Grp 57 - DEA SIG,2012-01-04,2017-11-27
G401,"Ross, Kenneth",Det,ES2 (K),2012-01-04,2012-02-24
G405,"Semmler, Damian",Det,Gun Registry,2012-01-04,2017-04-18
G405,"Semmler, Damian",Det,Gun Registry - loc. 295,2017-05-01,2017-11-27
G410,"Frey, Phoenix",Det,ATF DISARM,2012-03-28,2012-12-18
G410,"Frey, Phoenix",Det,VRO Squad-West,2012-01-04,2012-03-26
G415,"Ward, Steven",Lt,ED ZONES,2012-01-04,2012-12-18
G432,"Wiman, Andrew",Lt,ATF,2017-06-12,2017-11-27
G432,"Wiman, Andrew",Sgt,ATF Group 6,2015-10-01,2017-06-08
G432,"Wiman, Andrew",Sgt,ES2,2013-09-20,2014-07-07
G432,"Wiman, Andrew",Sgt,NW1,2015-03-23,2015-05-20
G432,"Wiman, Andrew",Sgt,SES 1,2015-05-28,2015-09-30
G437,"Vargas, Pedro",Det,Detailed Out Pending Transfer 11/29,2012-11-25,2012-11-28
G437,"Vargas, Pedro",Det,ES Comm Stabilization Team 1,2016-03-10,2016-08-09
G437,"Vargas, Pedro",Det,FBI Safe Streets \ Gangs,2017-06-12,2017-11-27
G437,"Vargas, Pedro",Det,Gang Unit - Loc 347,2016-09-21,2017-05-15
G437,"Vargas, Pedro",Det,Violence Reduction Team 1,2016-08-19,2016-09-01
G437,"Vargas, Pedro",Det,WS4 (N),2012-01-04,2012-11-19
G437,"Vargas, Pedro",P/O,WS4,2013-07-16,2013-10-14
G441,"Shifflett, Norm",Det,Grp 56 - Interdiction,2012-01-04,2017-11-27
G449,"Bowman, Steve",Sgt,Suspended,2013-08-02,2013-08-02
G449,"Bowman, Steven",Sgt,Intel,2014-11-06,2016-01-05
G449,"Bowman, Steven",Sgt,Intel / War Room,2016-01-27,2017-11-27
G449,"Bowman, Steven",Sgt,NW2,2015-03-23,2015-05-20
G449,"Bowman, Steven",Sgt,NW3,2013-02-20,2013-03-25
G449,"Bowman, Steven",Sgt,NW3 (C),2012-01-04,2012-12-18
G461,"Cirillo, Anthony",Det,ATF DISARM,2016-02-09,2017-11-27
G461,"Cirillo, Anthony",Det,Cease Fire 1,2014-06-16,2015-09-15
G461,"Cirillo, Anthony",Det,Cease Fire 2,2014-06-17,2016-02-04
G463,"Mobley, Rodney",Det,Gun Trace Task Force-Sq 1,2012-01-04,2012-03-26
G483,"Goodson, Caesar",Det,Citi Watch,2017-03-16,2017-11-27
G483,"Goodson, Ceaser",Det,Citi Watch,2017-01-06,2017-03-07
G491,"Hersl, Daniel",Det,Cease Fire 4,2015-01-11,2015-12-21
G491,"Hersl, Daniel",Det,Detailed Out,2017-02-03,2017-03-01
G491,"Hersl, Daniel",Det,ES3,2013-10-21,2014-11-06
G491,"Hersl, Daniel",Det,ES3 (L),2012-01-04,2012-12-18
G491,"Hersl, Daniel",Det,Gun Trace Task Force,2015-12-22,2016-08-09
G491,"Hersl, Daniel",Det,Gun Trace Task Force 1,2016-08-19,2016-12-10
G491,"Hersl, Daniel",Det,WD 1,2017-01-06,2017-02-02
G491,"Hersl, Daniel",P/O,ES3,2013-02-20,2013-10-14
G495,"Ivery, Kenneth",Sgt,Cease Fire 2,2015-10-01,2016-12-10
G495,"Ivery, Kenneth",Sgt,NW 2,2017-01-06,2017-03-02
G495,"Ivery, Kenneth",Sgt,SES 3,NA,NA
G495,"Ivery, Kenneth",Sgt,Squad A,2013-07-16,2013-10-14
G495,"Ivery, Kenneth",Sgt,SW3,2015-01-11,2015-05-20
G495,"Ivery, Kenneth",Sgt,WS1,2014-06-12,2014-06-16
G495,"Ivery, Kenneth",Sgt,WS4,2013-10-21,2014-11-06
G496,"Maggio, Anthony",Sgt,Cease Fire 3,2015-01-11,2016-12-10
G496,"Maggio, Anthony",Sgt,ED 1,2017-01-06,2017-03-02
G496,"Maggio, Anthony",Sgt,ES4,2013-10-21,2014-11-06
G496,"Maggio, Anthony",Sgt,Squad C,2013-07-16,2013-10-14
G503,"John, Audwyn",Det,Detailed Out Pending Transfer 11/29,2012-11-25,2012-11-28
G503,"John, Audwyn",Det,WS4 (N),2012-01-04,2012-11-19
G516,"Jefferson, Eric",Det,Covert Tech Support,2013-08-02,2013-08-02
G516,"Jefferson, Eric",Det,Covert Unit,2016-03-10,2016-07-25
G521,"Hunsicker, Franklin",Det,Intel / War Room,2017-09-13,2017-11-27
G522,"Smith, Anthony",Sgt,ComStat,2015-08-04,2015-08-06
G530,"Jugan, Thomas",Det,Crime Analysis/ComStat/Intel,2012-01-04,2012-12-18
G545,"Lash, Vince",Det,ES1,2013-10-21,2014-09-23
G545,"Lash, Vince",Det,SW2,2015-01-11,2015-05-20
G545,"Lash, Vince",Det,WS3,2014-10-07,2014-11-06
G545,"Lash, Vince",Det,WS8 (Q),2012-01-04,2012-12-18
G545,"Lash, Vince",P/O,Sgt,2013-07-16,2013-09-05
G545,"Lash, Vince",P/O,WS3,2013-03-08,2013-10-14
G545,"Lash, Vince",P/O,WS8 (Q),2013-02-20,2013-03-05
G550,"Louvado, Ivo",Det,ATF Group 3,2015-08-24,2017-11-27
G550,"Louvado, Ivo",Det,ATG Group 3,2015-08-04,2015-08-20
G550,"Louvado, Ivo",Det,Violent Crime Impact Team,2012-01-04,2012-12-18
G551,"Manners, Charles",Sgt,Gun Trace Task Force 3,2016-08-19,2016-11-28
G551,"Manners, Charles",Sgt,GVED ASA Unit,2017-01-06,2017-11-27
G551,"Manners, Charles",Sgt,SAO Gun Unit,2016-11-28,2016-12-10
G551,"Manners, Charles",Sgt,SES 3,2015-10-01,2015-11-11
G551,"Manners, Charles",Sgt,SEU 3,2015-11-12,2016-03-09
G551,"Manners, Charles",Sgt,WS Enforcement Team,2016-03-10,2016-08-09
G557,"Dodge, Harry Jr",Det,Intel / War Room,2016-07-22,2017-11-27
G562,"Owens, Renard",Sgt,Detailed Out Pending Transfer 11/29,2012-11-25,2012-11-28
G562,"Owens, Renard",Sgt,NE3,2012-01-04,2012-11-19
G571,"Richburg, Ken",P/O,Suspended,2013-08-02,2013-08-02
G571,"Richburg, Kendell",Det,NW3 (C),2012-01-04,2012-11-12
G577,"Sagner, Jeremy",Det,Detailed Out Pending Transfer 11/29,2012-11-25,2012-11-28
G586,"Jones, Ryan",Det,Grp 54,2012-01-04,2017-11-27
G591,"Hubbard, Jaclyn",Sgt,Squad B,2013-07-16,2013-10-14
G611,"Hittle, David",Det,NW1 (A),2012-01-04,2012-08-01
G628,"Smith, Sharisse",Det,Cyber Crimes,2015-08-04,2015-09-23
G628,"Smith, Sharrise",Det,Cyber Crimes Unit,2017-01-06,2017-11-27
G631,"Street, Craig",Det,ATF Group 6,2015-08-04,2016-05-09
G631,"Streett, Craig",Det,ATF DISARM,2012-01-04,2012-12-18
G631,"Streett, Craig",Det,ATF Group 6,2016-05-10,2017-11-27
G634,"Hoffman, Christopher",Det,Homicide,2015-08-04,2017-05-15
G661,"Mancuso, Holly",Det,Crime Analysis/ComStat/Intel,2012-01-04,2012-11-16
G661,"Mancuso, Holly",Det,Medical,2013-08-02,2013-08-02
G668,"Johnson,",Det,Grp 54,2015-08-04,2017-11-27
G668,"Johnson, Kyle",Det,NW1,2017-02-22,2017-03-02
G668,"Johnson, Kyle",Det,SW 1,2017-02-15,2017-02-15
G668,"Johnson, Kyle",Det,Violent Crime Impact Team,2012-01-04,2012-04-23
G668,"Johnson, Kyle",Det,VRO Squad,2013-10-21,2014-02-06
G668,"Johnson, Kyle",Det,WS5 (O),2012-10-22,2012-12-18
G668,"Johnson, Kyle",Det,WS8 (Q),2012-04-24,2012-07-09
G668,"Johnson, Kyle",P/O,City Wide Intel,2013-02-20,2013-07-23
G668,"Johnson, Kyle",P/O,P/O,2013-04-15,2013-06-06
G668,"Johnson, Kyle",P/O,WS5,2013-07-24,2013-10-14
G684,"Githara, George",Det,Detailed Out Pending Transfer 11/29,2012-11-25,2012-11-28
G684,"Githara, George",Det,NW2 (B),2012-01-04,2012-11-19
G692,"Landsman, Joe",Sgt,Cease Fire 2,NA,NA
G692,"Landsman, Joe",Sgt,FBI Safe Streets,2015-10-01,2017-06-08
G692,"Landsman, Joe",Sgt,FBI Safe Streets \ Gangs,2017-06-12,2017-11-27
G692,"Landsman, Joseph",Sgt,Squad B,2013-07-16,2013-09-10
G692,"Landsman, Joseph",Sgt,WS4,2013-09-20,2013-10-14
G695,"Bell, Terry",Sgt,WS3,2013-03-08,2013-06-06
G695,"Bell, Terry",Sgt,WS8 (Q),2012-01-04,2013-03-05
G708,"Williams, Exdol",Det,RATT Squad 2,2015-09-15,2016-12-10
G708,"Williams, Exdol",Det,SES 2,2015-05-28,2015-09-21
G708,"Williams, Exdol",Det,SW2,2015-02-20,2015-05-20
G708,"Williams, Exodol",Det,ES1,2013-10-21,2014-09-23
G708,"Williams, Exodol",Det,SW2,2015-01-11,2015-01-28
G708,"Williams, Exodol",Det,WS3,2014-10-07,2014-11-06
G708,"Williams, Exodol",P/O,ES6,2013-02-20,2013-10-14
G708,"Williams, Exodol",P/O,ES6 (H),2012-11-25,2012-12-18
G711,"Williams, Toyia",Det,Watch Center,2017-01-06,2017-11-27
G712,"Shockley, James",Det,ES1 (J),2012-01-04,2012-12-18
G712,"Shockley, James",Det,Intel,2013-10-21,2013-11-21
G712,"Shockley, James",P/O,ES1,2013-02-20,2013-08-27
G712,"Shockley, James",P/O,ES2,2013-09-05,2013-10-14
G712,"Shockley, James Jr",Det,Military Leave,2016-07-17,2017-02-22
G722,"Avitia, Jesus",Det,NE2,2012-01-04,2012-08-29
G722,"Avitia, Jesus",P/O,NE2,2013-03-20,2013-06-06
G727,"Jones, Deon",P/O,Sgt,2013-07-23,2013-09-10
G727,"Jones, Deon",P/O,Squad B,2013-07-16,2013-10-14
G730,"Goodwin, Creinton",Det,WS1,2012-01-04,2012-11-19
G730,"Goodwin, Creinton",Det,WS4,2013-10-21,2014-01-07
G730,"Goodwin, Creinton",Det,WS4 (N),2012-11-25,2012-12-17
G730,"Goodwin, Creinton",Det,WS5 (O),2012-12-18,2012-12-18
G730,"Goodwin, Creinton",P/O,City Wide Intel,2013-02-20,2013-07-23
G730,"Goodwin, Creinton",P/O,P/O,2013-04-15,2013-06-06
G730,"Goodwin, Creinton",P/O,WS5,2013-07-24,2013-10-14
G738,"Brown, Wilmer",Det,NE2,2012-01-04,2012-12-18
G738,"Brown, Wilmer",P/O,NE2,2013-02-20,2013-06-06
G744,"Pride, Lamont",Det,Homicide,2015-08-04,2017-05-15
G752,"Guinn, Ryan",Det,Gun Trace Task Force-Sq 1,2012-01-04,2012-03-26
G781,"Jones, Antwyne",Det,ES1 (J),2012-01-04,2012-03-20
G781,"Jones, Antwyne",Det,ES9 (I),2012-01-04,2012-01-04
G781,"Jones, Antwyne",Det,NE2,2012-08-02,2012-12-18
G781,"Jones, Antwyne",P/O,NE2,2012-03-21,2013-06-06
G785,"DiCandeloro, Joseph",Det,DHS / ICE,2017-01-06,2017-11-27
G785,"DiCandeloro, Joseph",Det,ICE,2015-08-04,2016-01-05
G790,"Gorman, John",Det,ES4 (E),2012-01-04,2012-12-18
G790,"Gorman, John",P/O,ES4,2013-02-20,2013-10-14
G807,"Shetterly, James",Det,NW1 (A),2012-01-04,2012-08-01
G825,"Benn, Warren",Det,Detailed Out,2016-11-28,2017-03-07
G825,"Benn, Warren",Det,ES1,2014-06-12,2014-09-23
G825,"Benn, Warren",Det,ES4,2013-10-21,2014-05-30
G825,"Benn, Warren",Det,SES 2,2015-05-28,2015-09-30
G825,"Benn, Warren",Det,SES 3,2015-10-01,2015-11-11
G825,"Benn, Warren",Det,SEU 3,2015-11-12,2016-03-09
G825,"Benn, Warren",Det,SW2,2015-01-11,2015-05-20
G825,"Benn, Warren",Det,WS Enforcement Team,2016-03-10,2016-08-09
G825,"Benn, Warren",Det,WS3,2014-10-07,2014-11-06
G825,"Benn, Warren",P/O,Sgt,2013-07-16,2013-09-10
G825,"Benn, Warren",P/O,Squad B,2013-09-20,2013-10-14
G827,"O'Sullivan, M",Det,Cease Fire 1,2016-08-31,2016-09-26
G827,"O'Sullivan, Michael",Det,Cease Fire 1,2014-05-30,2016-08-23
G827,"O'Sullivan, Michael",Det,WS1,2012-01-04,2014-05-27
G827,"O'Sullivan, Michael",P/O,WS1,2013-02-20,2013-10-14
G849,"Fried, Joel",Lt,Cease Fire,NA,NA
G849,"Fried, Joel",Lt,Detailed Out,2015-07-13,2017-03-07
G849,"Fried, Joel",Lt,ED ZONES,2014-05-08,2014-11-06
G849,"Fried, Joel",Lt,NWD,2015-01-11,2015-01-11
G849,"Fried, Joel",Sgt,WS3,2012-01-04,2012-11-19
G865,"McGowan, David",Det,WS5 (O),2012-01-04,2012-12-18
G865,"McGowan, David",P/O,City Wide Intel,2013-02-20,2013-07-23
G865,"McGowan, David",P/O,P/O,2013-04-15,2013-06-06
G865,"McGowan, David",P/O,WS5,2013-07-24,2013-10-14
G873,"Ferguson, Triston",Det,GVED ASA Unit,2017-01-06,2017-11-27
G873,"Ferguson, Triston",Det,Major Case Squad 3,2014-10-15,2014-11-06
G873,"Ferguson, Triston",Det,NW2,2015-01-11,2015-05-20
G873,"Ferguson, Triston",Det,NW4 (D),2012-11-25,2012-12-18
G873,"Ferguson, Triston",Det,SAO Gun Unit,2016-11-28,2016-12-10
G873,"Ferguson, Triston",Det,VRO Squad,2013-10-21,2014-10-07
G873,"Ferguson, Triston",Det,WS1,2014-06-17,2014-09-23
G873,"Ferguson, Triston",Det,WS2,2014-06-12,2014-06-16
G873,"Ferguson, Triston",P/O,NW4,2013-02-20,2013-10-14
G879,"Street, Amy",Det,Intel Ops,2017-01-06,2017-02-02
G879,"Streett, Amy",Det,U/C Squad (V),2013-08-02,2013-08-02
G882,"Adams, Robert",Det,Felony/Robbery,2015-08-04,2017-05-15
G905,"Jimmerson,",Det,Gun Trafficking,2012-01-04,2012-12-18
G905,"Jimmerson, Delford",Det,ATF Group 6,2015-08-04,2017-06-12
G908,"Ott, Chris",Det,ES1,2013-10-21,2014-03-11
G908,"Ott, Chris",Det,WS4 (N),2012-01-04,2012-12-18
G908,"Ott, Chris",P/O,WS4,2013-03-08,2013-10-14
G908,"Ott, Chris",P/O,WS4 (N),2013-02-20,2013-03-05
G908,"Ott, Christopher",Det,ES Enforcement Team,2016-08-08,2016-08-09
G908,"Ott, Christopher",Det,ES Response Team,2016-03-10,2016-08-04
G908,"Ott, Christopher",Det,Gun Trace Task Force 2,2016-08-19,2016-12-10
G908,"Ott, Christopher",Det,SES 4,2015-05-28,2015-11-11
G908,"Ott, Christopher",Det,SEU 4,2015-11-12,2016-03-09
G908,"Ott, Christopher",Det,SW 1,2017-01-06,2017-03-02
G916,"Henson, Steven",Det,Command Investigations,2013-07-23,2013-10-14
G916,"Henson, Steven",Det,Cyber Crimes Unit,2017-01-06,2017-10-20
G916,"Henson, Steven",Det,Gang Unit - Loc 347,2015-08-04,2016-01-05
G924,"Carter-Watson,",Det,(ATF6 to PCO),2015-10-28,2016-01-05
G924,"Carter-Watson,",Det,Child Abuse),2015-08-04,2015-10-05
G926,"Fritzges, Joseph",Det,Major Case Squad 1,2013-10-21,2014-11-06
G926,"Fritzges, Joseph",Det,NW3,2015-01-11,2015-01-28
G926,"Fritzges, Joseph",Det,WS7,2012-01-04,2012-12-18
G926,"Fritzges, Joseph",P/O,WS2,2013-03-08,2013-10-14
G926,"Fritzges, Joseph",P/O,WS7,2013-02-20,2013-03-05
G926,"Fritzges, Joseph Jr",Det,City Yard,2016-08-01,2017-05-15
G926,"Fritzges, Joseph Jr",Det,ES Response Team,2016-03-10,2016-07-25
G926,"Fritzges, Joseph Jr",Det,NW3,2015-02-20,2015-05-20
G926,"Fritzges, Joseph Jr",Det,SES 4,2015-05-28,2015-11-11
G926,"Fritzges, Joseph Jr",Det,SEU 4,2015-11-12,2016-03-09
G940,"Burns, John",Sgt,Cease Fire 4,2015-01-11,2015-01-28
G940,"Burns, John",Sgt,ES3,2013-03-11,2014-11-06
G940,"Burns, John",Sgt,ES3 (L),2012-01-04,2012-12-18
G940,"Burns, John Jr",Sgt,Cease Fire 4,2015-02-20,2016-12-10
G940,"Burns, John Jr",Sgt,ED 2,2017-01-06,2017-02-22
G954,"Burchill, Paul",Det,U/C Squad (V),2013-08-02,2013-08-02
G961,"Jester, Craig",Det,Grp 57 - DEA SIG,2012-01-04,2017-11-27
G974,"Echevarria, Brandon",Det,Gang Unit - Loc 347,2015-08-04,2017-01-16
G974,"Echevarria, Brandon",Det,Intel Ops,2017-01-25,2017-11-27
G978,"Hopson,",Det,(Auto Crimes to Retiring),2015-08-05,2015-08-25
G978,"Hopson,",Det,ATF Group 6,2015-10-09,2015-10-13
G978,"Hopson,",Det,Detailed Out,2015-08-04,2015-10-05
G978,"Hopson, Antonio",Det,ATF Group 6,2016-05-31,2017-11-27
G978,"Hopson, Antonio",Det,Detailed Out,2016-04-19,2016-05-13
G978,"Hopson, Antonio",Det,Gun Trace Task Force-Sq 1,2012-01-04,2012-03-26
G978,"Hopson, Antonio",Det,VRO Squad-East,2012-01-04,2012-03-06
G992,"Meehan, Daniel",Det,Detailed Out,2014-01-07,2014-03-11
G992,"Meehan, Daniel",Det,ES3 (L),2012-01-04,2012-12-18
G992,"Meehan, Daniel",Det,U/C Squad (V),2013-08-02,2013-08-02
G992,"Meehan, Daniel",P/O,ES3,2013-07-16,2013-07-16
H013,"Ferdinand, Sendi",Det,U/C Squad (V),2013-08-02,2013-08-02
H027,"Sullivan, Akinlawon",Det,Command Investigations,2015-08-19,2015-09-30
H027,"Sullivan, Akinlawon",Det,Command Investigations / Payroll,2015-10-01,2016-01-27
H027,"Sullivan, Akinlawon",Det,Crime Analysis/Intel/Comm Investigations,2015-08-04,2015-08-06
H027,"Sullivan, Akinlawon",Det,Domestic,2016-07-25,2017-03-07
H028,"Tyson, Darrilynn",Det,(GTTF to PCO),2015-08-04,2015-10-05
H037,"Reynolds,",Det,Detailed Out Pending Transfer 11/29,2012-11-25,2012-11-28
H037,"Reynolds,",Det,WS4 (N),2012-01-04,2012-11-19
H043,"Spinnato, Michael",Det,Shooting,2015-08-04,2017-05-15
H050,"Moss, C",P/O,Detailed Out,2013-02-20,2013-06-06
H050,"Moss, Calvin",Det,Detailed Out,2014-01-07,2014-01-13
H050,"Moss, Calvin",Det,ES3 (L),2012-01-04,2012-02-24
H050,"Moss, Calvin",Det,Intel,2013-12-03,2013-12-17
H050,"Moss, Calvin",Det,NE3,2012-03-20,2012-12-18
H050,"Moss, Calvin",P/O,Admin/ComStat/CA/Intel,2013-07-16,2013-10-14
H059,"Fuller, Vernon",Det,WS8 (Q),2012-01-04,2012-12-18
H059,"Fuller, Vernon",P/O,WS3,2013-03-08,2013-04-08
H059,"Fuller, Vernon",P/O,WS8 (Q),2013-02-20,2013-03-05
H059,"Fuller, Vernon","P/O Zamora, Ronald",Light Duty,2013-08-02,2013-08-02
H066,"Ilgenfritz, Howard",Det,Cease Fire 4,2015-01-11,2015-01-28
H066,"Ilgenfritz, Howard",Det,ES3,2013-10-21,2014-11-06
H066,"Ilgenfritz, Howard",Det,ES3 (L),2012-01-04,2012-12-18
H066,"Ilgenfritz, Howard",P/O,ES5,2013-02-20,2013-10-14
H066,"Ilgenfritz, Howard Jr",Det,Cease Fire 4,2015-02-20,2016-12-10
H066,"Ilgenfritz, Howard Jr",Det,ED 2,2017-01-06,2017-03-02
H067,"Lofton, Osiris",Det,Tech,2015-08-04,2015-08-06
H067,"Loton, Osiris",Det,Tech Unit,2017-01-06,2017-11-27
H072,"LaRonde, Fabien",Det,ES2,2013-10-21,2014-11-06
H072,"LaRonde, Fabien",Det,NW1,2015-01-11,2015-05-20
H072,"LaRonde, Fabien",Det,SES 1,2015-05-28,2015-10-01
H089,"Smith, Gary",Det,ATF Group 6,2015-08-04,2017-11-27
H089,"Smith, Gary",Det,Violent Crime Impact Team,2012-09-17,2012-12-18
H090,"Smith, Gary",Det,Violent Crime Impact Team,2012-01-04,2012-09-04
H098,"Kim, Yoo",Det,Felony/Robbery,2015-08-04,2017-05-15
H107,"Tinsley, Latosha",Det,ES3 (L),2012-01-04,2012-12-18
H107,"Tinsley, Latosha",P/O,ES3,2013-02-20,2013-08-27
H107,"Tinsley, Latosha",P/O,ES6,2013-09-05,2013-10-14
H108,"Byrd, Adriene",P/O,Squad A,2013-08-21,2013-10-14
H108,"Byrd, Adriene",P/O,Squad B,2013-07-16,2013-08-20
H124,"Carrington,",Det,Detailed Out Pending Transfer 11/29,2012-11-25,2012-11-28
H124,"Carrington, Issac",Det,Detailed Out,2012-02-23,2012-02-24
H124,"Carrington, Issac",Det,ES4 (E),2012-01-24,2012-02-13
H124,"Carrington, Issac",Det,ES8 (H),2012-01-04,2012-01-20
H131,"Grant, Christopher",Det,RATT Squad 1,2012-01-04,2013-07-23
H139,"Hayes, Donald",Det,Cease Fire 3,2015-05-28,2015-06-23
H139,"Hayes, Donald",Det,Cease Fire 4,2015-06-29,2015-09-30
H139,"Hayes, Donald",Det,ES5 (I),2012-02-13,2012-12-18
H139,"Hayes, Donald",Det,ES9 (I),2012-01-04,2012-02-09
H139,"Hayes, Donald",Det,Homeland Security Task Force,2015-10-01,2017-11-27
H139,"Hayes, Donald",Det,Major Case Squad 2,2013-10-21,2014-11-06
H139,"Hayes, Donald",Det,SW1,2015-01-11,2015-05-20
H139,"Hayes, Donald",P/O,ES5,2013-02-20,2013-10-14
H147,"McSpadden, Shannon",Det,Citi Watch,2015-08-04,2017-11-27
H152,"Ruiz, Luis",Sgt,SW 2,2017-01-06,2017-03-02
H152,"Ruiz, Luis",Sgt,Violence Reduction Team 2,2016-08-19,2016-12-10
H152,"Ruiz, Luis",Sgt,WS Comm Stabilization Team 1,2016-03-10,2016-08-09
H197,"Haley, John",Det,ATT,2015-08-04,2017-05-15
H198,"Rotell, Albert",Det,ATT,2015-08-04,2017-01-25
H203,"Lettau, Shane",Det,Grp 52 - Heroin Task Force,2012-01-04,2017-11-27
H213,"Williams, Mark",Det,FBI Safe Streets,2015-08-04,2017-06-08
H213,"Williams, Mark",Det,FBI Safe Streets \ Gangs,2017-06-12,2017-11-27
H230,"Lehman, Chris",Det,Detailed Out Pending Transfer 11/29,2012-11-25,2012-11-28
H248,"Jones, Melvin",Det,Domestic,2015-09-15,2015-09-15
H253,"Miller, Michael",Det,FBI Safe Streets \ Gangs,2017-06-12,2017-11-27
H253,"Miller, Michael",Det,Gang Unit - Loc 347,2015-08-04,2017-05-15
H256,"Shutt, Brian",Det,Grp 52 - Heroin Task Force,2015-08-04,2017-11-27
H256,"Shutt, Brian",Det,Grp 54,2012-01-04,2012-12-18
H282,"Bearde, William",Det,Grp 54,2012-01-04,2015-10-13
H282,"Bearde, William",Det,Grp 56 - Interdiction,2015-10-28,2017-11-27
H293,"Smith, Trabian",Det,VRO Squad,2013-10-21,2014-03-11
H293,"Smith, Trabian",P/O,NW1,2013-02-20,2013-04-10
H293,"Smith, Trabian",P/O,NW2,2013-07-16,2013-10-14
H307,"Heron, Peter",Sgt,Intel Ops,2017-01-06,2017-11-27
H308,"Young, Kawahn",Det,WS5 (O),2012-01-04,2012-07-11
H318,"Torres, John",P/O,Sgt,2013-09-20,2013-09-20
H318,"Torres, John",P/O,Squad B,2013-07-16,2013-10-14
H319,"Williams, Donta",Det,NE3,2012-01-04,2012-12-18
H319,"Williams, Donta",P/O,NE1,2013-02-20,2013-06-06
H359,"Zamora, Ronald",Det,NW2 (B),2012-01-04,2012-12-18
H359,"Zamora, Ronald",P/O,NW2,2013-02-20,2013-10-14
H379,"Glover, Ethan",Det,Grp 51 - Violent Traffickers,2015-08-04,2017-11-27
H379,"Glover, Ethan",Det,VRO Squad-West,2012-01-04,2012-12-18
H383,"Jenkins, Wayne",Det,Gun Trace Task Force-Sq 1,2012-01-04,2012-03-26
H383,"Jenkins, Wayne",Det,VRO Squad-West,2012-01-04,2012-11-28
H383,"Jenkins, Wayne",Sgt,ComStat / CA / H&S / CI's,NA,NA
H383,"Jenkins, Wayne",Sgt,Gun Trace Task Force,2016-06-17,2016-08-09
H383,"Jenkins, Wayne",Sgt,Gun Trace Task Force 1,2016-08-19,2016-12-10
H383,"Jenkins, Wayne",Sgt,Intel,2015-04-24,2015-05-20
H383,"Jenkins, Wayne",Sgt,Major Case Squad 3,2014-10-15,2014-11-06
H383,"Jenkins, Wayne",Sgt,SES 2,2015-09-15,2015-11-11
H383,"Jenkins, Wayne",Sgt,SEU 2,2015-11-12,2016-03-09
H383,"Jenkins, Wayne",Sgt,Target,2015-08-04,2015-09-21
H383,"Jenkins, Wayne",Sgt,VRO Squad,2014-10-07,2014-10-07
H383,"Jenkins, Wayne",Sgt,WD 1,2017-01-06,2017-03-01
H383,"Jenkins, Wayne",Sgt,WS Response Team,NA,NA
H383,"Jenkins, Wayne",Sgt,WS2,2013-10-21,2014-09-23
H392,"Nagovich, Valenti",Det,ES2,2014-06-12,2014-11-06
H392,"Nagovich, Valenti",Det,NW1,2015-01-11,2015-05-20
H392,"Nagovich, Valenti",Det,SES 1,2015-05-28,2015-07-16
H422,"Bagdon, Mark",Det,Gang Unit - Loc 347,2016-04-06,2017-02-10
H422,"Bagdon, Mark",Det,NE2,2012-01-04,2012-12-18
H422,"Bagdon, Mark",Det,WD 2,2017-02-15,2017-03-02
H422,"Bagdon, Mark",P/O,NE2,2013-02-20,2013-06-06
H435,"Worsley, Larry",Det,Detailed Out,2016-07-17,2016-07-22
H435,"Worsley, Larry",Det,ES Enforcement Team,2016-03-10,2016-07-06
H435,"Worsley, Larry",Det,NW1,2015-01-11,2015-05-20
H435,"Worsley, Larry",Det,SES 1,2015-05-28,2015-11-11
H435,"Worsley, Larry",Det,SEU 1,2015-11-12,2016-03-09
H435,"Worsley, Larry",Det,WS1,2014-06-17,2014-11-06
H435,"Worsley, Larry",Det,WS2,2013-10-21,2014-06-16
H435,"Worsley, Larry",P/O,Squad B,2013-07-16,2013-10-14
H454,"Fried, Jared",Det,Grp 57 - DEA SIG,2015-10-01,2016-07-06
H454,"Fried, Jared",Det,NW3 (C),2012-01-04,2012-07-23
H454,"Fried, Jared",Det,VRO Squad,2013-10-21,2014-05-30
H454,"Fried, Jared",Det,WS1,2014-06-12,2014-11-06
H454,"Fried, Jared",P/O,NW3,2013-05-01,2013-06-06
H454,"Fried, Jared",P/O,NW4,2013-07-16,2013-07-23
H454,"Fried, Jared",P/O,Sgt,2013-06-04,2013-06-04
H454,"Fried, Jared","P/O Zamora, Ronald",NW4,2013-07-24,2013-10-14
H456,"Ward, Maurice",Det,SW3,2015-01-11,2015-01-28
H456,"Ward, Maurice",Det,U/C Squad (V),2013-08-02,2013-08-02
H456,"Ward, Maurice",Det,WS1,2014-06-12,2014-06-16
H456,"Ward, Maurice",Det,WS3,2012-01-04,2012-11-19
H456,"Ward, Maurice",Det,WS4,2013-12-17,2014-11-06
H456,"Ward, Maurice",Det,WS4 (N),2012-11-25,2012-12-18
H456,"Ward, Maurice",P/O,WS4,2013-03-08,2013-07-16
H456,"Ward, Maurice",P/O,WS4 (N),2013-02-20,2013-03-05
H456,"Ward, Maurice Jr",Det,Cease Fire 3,2015-05-28,2015-08-04
H456,"Ward, Maurice Jr",Det,Gun Trace Task Force,2016-06-17,2016-08-09
H456,"Ward, Maurice Jr",Det,Gun Trace Task Force 1,2016-08-19,2016-12-10
H456,"Ward, Maurice Jr",Det,SES 2,2015-09-15,2015-11-11
H456,"Ward, Maurice Jr",Det,SEU 2,2015-11-12,2016-03-09
H456,"Ward, Maurice Jr",Det,SW3,2015-02-20,2015-05-20
H456,"Ward, Maurice Jr",Det,Target,2015-08-04,2015-09-21
H456,"Ward, Maurice Jr",Det,WD 1,2017-01-06,2017-03-01
H456,"Ward, Maurice Jr",Det,WS Response Team,NA,NA
H464,"Thomas, Susan",Det,Fugitive,2015-08-04,2017-05-15
H464,"Thomas, Susan",Det,Fugitive Detailed to Colonel,2015-09-21,2016-01-27
H467,"Flynn, Brian",Det,ES2 (K),2012-01-04,2012-11-28
H474,"Brooks, Leland",Det,WS3,2012-01-04,2012-11-19
H474,"Brooks, Leland",Det,WS5 (O),2012-11-25,2012-11-28
H475,"Garber, Jason",Det,Command Investigations,2012-06-26,2012-10-01
H475,"Garber, Jason",Det,Command Investigations/Insp,2012-10-02,2012-12-18
H475,"Garber, Jason",Det,Integrity Control/Command Investigations,2012-01-04,2012-06-18
H501,"Spencer, William",Det,VRO Squad-East,2012-01-04,2012-12-18
H501,"Spencer, William",P/O,Cease Fire 1,2014-06-12,2014-06-16
H501,"Spencer, William",P/O,Cease Fire 2,2014-06-17,2014-09-23
H513,"Muir, Donald",Det,Detailed In,2017-10-20,2017-11-27
H513,"Muir, Donald",Det,Grp 57 - DEA SIG,2017-10-25,2017-11-27
H518,"Icenroad, Chris",Det,NE3,2012-01-04,2012-12-18
H518,"Icenroad, Chris",P/O,NE2,2013-02-20,2013-06-06
H530,"Feser, Jason",Det,I2 Training Coordinator,2017-01-06,2017-11-27
H530,"Feser, Jason",Det,Open Source,2015-08-04,2015-08-06
H544,"Merino, Chris",Det,ES1 (J),2012-01-04,2012-12-18
H560,"Fischer, Greg",Det,Major Case Squad 2,2014-10-07,2014-11-06
H560,"Fischer, Greg",Det,SES 4,2015-05-28,2015-06-01
H560,"Fischer, Greg",Det,SW1,2015-01-11,2015-05-20
H560,"Fisher, Greg",Det,ES4 (E),2012-06-13,2012-12-18
H560,"Fisher, Greg",Det,Homeland Security Task Force,2016-05-09,2017-11-27
H560,"Fisher, Greg",Det,Major Case Squad 2,2013-10-21,2014-09-23
H560,"Fisher, Greg",Det,SES 2,2015-06-02,2015-09-23
H560,"Fisher, Greg",Det,VRO Squad-West,2012-01-04,2012-06-05
H560,"Fisher, Greg",P/O,ES4,2013-02-20,2013-10-14
H589,"Mays, Stephen",Det,ES5 (I),2012-02-13,2012-05-29
H589,"Mays, Stephen",Det,ES9 (I),2012-01-04,2012-02-09
H603,"Howard, Rodney",Det,Watch Center,2017-01-06,2017-11-27
H603,"Howard, Rodney Jr",Det,Detailed Out,2015-09-23,2015-09-30
H603,"Howard, Rodney Jr",Det,ES1,2013-10-21,2014-09-23
H603,"Howard, Rodney Jr",Det,SES 2,2015-05-28,2015-09-21
H603,"Howard, Rodney Jr",Det,SW2,2015-01-11,2015-05-20
H603,"Howard, Rodney Jr",Det,WS3,2014-10-07,2014-11-06
H603,"Howard, Rodney Jr",P/O,ES6,2013-02-20,2013-10-14
H603,"Howard, Rodney Jr",P/O,ES6 (H),2012-11-25,2012-12-18
H604,"Jackson, Jerron",Sgt,NW1,2013-02-20,2013-04-10
H607,"Anderson, Clem",Det,Detailed Out Pending Transfer 11/29,2012-11-25,2012-11-28
H610,"Jackson, Fletcher",Det,Vice C - Prostitution,2013-08-02,2013-08-02
H611,"Evans, Steven",P/O,ES6,2013-02-20,2013-10-14
H611,"Evans, Steven",P/O,ES6 (H),2012-11-25,2012-12-18
H616,"Clark, Tony",Det,ATT,2015-08-04,2017-05-15
H624,"Williams, Roland",Det,Watch Center,2017-01-06,2017-11-27
H624,"Williams, Roland",Off,Watch Center,2015-08-04,2015-08-06
H628,"Charles, Bandele",Det,Detailed Out,2016-11-28,2017-03-07
H628,"Charles, Bandele",Det,ES1,2013-10-21,2014-05-30
H628,"Charles, Bandele",Det,Gun Trace Task Force 3,2016-08-19,2016-11-09
H628,"Charles, Bandele",Det,SES 2,2015-05-28,2015-09-30
H628,"Charles, Bandele",Det,SES 3,2015-10-01,2015-11-11
H628,"Charles, Bandele",Det,SEU 3,2015-11-12,2016-03-09
H628,"Charles, Bandele",Det,SW2,2015-01-11,2015-05-20
H628,"Charles, Bandele",Det,WS Enforcement Team,2016-03-10,2016-08-09
H628,"Charles, Bandele",Det,WS1,2014-06-12,2014-11-06
H628,"Charles, Bandele",P/O,ES6,2013-02-20,2013-10-14
H628,"Charles, Bandele",P/O,ES6 (H),2012-11-25,2012-12-18
H632,"Sills, Charles",Det,ES4 (E),2012-01-04,2012-12-18
H632,"Sills, Charles",Det,Major Case Squad 3,2014-10-15,2014-11-06
H632,"Sills, Charles",Det,NW2,2015-01-11,2015-01-28
H632,"Sills, Charles",Det,VRO Squad,2014-10-07,2014-10-07
H632,"Sills, Charles",Det,WS2,2013-10-21,2014-09-23
H632,"Sills, Charles",P/O,ES4,2013-02-20,2013-10-14
H632,"Sills, Charles Jr",Det,NW2,2015-02-20,2015-05-20
H634,"Diggs, V SES Admin",P/O,Detailed Out,2013-02-20,2013-06-06
H634,"Diggs, Vaughn",Det,NW2 (B),2012-01-04,2012-12-18
H634,"Diggs, Vaughn",P/O,Suspended,2013-08-02,2013-08-02
H642,"Lilly, Jeffrey",Det,Cease Fire 1,2014-05-30,2015-12-07
H642,"Lilly, Jeffrey",Det,Cease Fire 2,2015-09-15,2015-09-15
H642,"Lilly, Jeffrey",Det,FBI Safe Streets,2015-12-08,2017-06-08
H642,"Lilly, Jeffrey",Det,FBI Safe Streets \ Gangs,2017-06-12,2017-11-27
H642,"Lilly, Jeffrey",Det,WS3,2013-10-21,2014-05-27
H642,"Lilly, Jeffrey",P/O,Squad A,2013-07-16,2013-10-14
H643,"Cicchetti III, Carl",Sgt,Grp 57 - DEA SIG,2015-10-28,2017-11-27
H643,"Cicchetti, Carl",Det,VRO Squad-East,2012-01-20,2012-12-18
H643,"Cicchetti, Carl",Det,WS8 (Q),2012-01-04,2012-02-24
H643,"Cicchetti, Carl",Sgt,WS3,2013-09-09,2014-05-30
H645,"Woodlon, Michael",Det,Crime Analysis/ComStat/Intel,2012-01-04,2012-07-11
H650,"Moore, Spencer",Det,NW3 (C),2012-01-04,2012-12-18
H650,"Moore, Spencer",P/O,NW3,2013-02-20,2013-03-18
H650,"Moore, Spencer",P/O,Suspended,2013-08-02,2013-08-02
H662,"West, John",Det,Detailed Out Pending Transfer 11/29,2012-11-25,2012-11-28
H662,"West, John",P/O,NE2,2013-03-01,2013-06-06
H663,"Weston, Duane",Det,Cease Fire 1,2016-08-23,2016-12-10
H663,"Weston, Duane",Det,ES1,2013-10-21,2014-01-24
H663,"Weston, Duane",Det,ES2,2014-01-30,2014-09-23
H663,"Weston, Duane",Det,ES5 (I),2012-02-13,2012-12-18
H663,"Weston, Duane",Det,ES8 (H),2012-01-04,2012-01-20
H663,"Weston, Duane",Det,ES9 (I),2012-01-24,2012-02-09
H663,"Weston, Duane",Det,Gun Trace Task Force 3,2016-08-19,2016-08-19
H663,"Weston, Duane",Det,NW1,2017-01-06,2017-03-02
H663,"Weston, Duane",Det,SEU 3,2015-12-07,2016-03-09
H663,"Weston, Duane",Det,WS Enforcement Team,2016-03-10,2016-08-09
H663,"Weston, Duane",Det,WS1,2014-10-07,2014-11-06
H663,"Weston, Duane",P/O,ES5,2013-02-20,2013-10-14
H671,"Berry, Fugiki",Det,ES4 (E),2012-01-04,2012-05-21
H671,"Berry, Fugiki",Det,ES5 (I),2012-05-23,2012-12-18
H671,"Berry, Fugiki",P/O,Squad A,2013-07-16,2013-10-14
H686,"Gillespie, Edward",P/O,Squad B,2013-07-16,2013-10-14
H687,"Giordano, Jason",Det,NW1 (A),2012-01-04,2012-07-02
H687,"Giordano, Jason",Det,NW4 (D),2012-07-09,2012-08-01
H698,"Kienle,",Det,ES5 (I),2012-03-21,2012-12-18
H700,"McDuffie, Carnest",Det,Cease Fire 2,2015-03-23,2016-12-10
H700,"McDuffie, Carnest",Det,NW 2,2017-01-06,2017-03-02
H700,"McDuffie, Carnest",P/O,Cease Fire 2,2014-06-12,2015-02-23
H702,"Reed, Kareem",Det,ES5 (I),2012-02-13,2012-05-03
H702,"Reed, Kareem",Det,ES8 (H),2012-01-04,2012-01-20
H702,"Reed, Kareem",Det,ES9 (I),2012-01-24,2012-02-09
H710,"McShane, James",Det,ES4 (E),2012-01-24,2012-12-18
H710,"McShane, James",Det,ES8 (H),2012-01-04,2012-01-20
H710,"McShane, James",Det,Homeland Security Task Force,2015-10-01,2017-11-27
H710,"McShane, James",Det,Major Case Squad 2,2014-01-17,2014-11-06
H710,"McShane, James",Det,SW1,2015-01-11,2015-05-20
H710,"McShane, James",Det,Wire,2015-05-28,2015-09-30
H710,"McShane, James",P/O,ES4,2013-02-20,2013-06-06
H710,"McShane, James",P/O,Medical,2013-08-02,2013-08-02
H719,"White, Lonnie",P/O,ES4,2013-09-30,2013-10-14
H719,"White, Lonnie",P/O,NW4,2013-07-16,2013-09-27
H729,"Spila, Mark",Det,GVED ASA Unit,2017-01-06,2017-11-27
H729,"Spila, Mark",Det,Intel,2013-10-21,2016-01-05
H729,"Spila, Mark",Det,Intel / War Room,2016-01-27,2016-11-09
H729,"Spila, Mark",Det,SAO Gun Unit,2016-11-28,2016-12-10
H729,"Spila, Mark",Det,WS1,2012-01-04,2012-12-18
H729,"Spila, Mark",P/O,WS1,2013-02-20,2013-10-14
H740,"Rayam, Jemell",Det,Gun Trace Task Force,2015-08-04,2016-08-09
H740,"Rayam, Jemell",Det,Gun Trace Task Force 1,2016-08-19,2016-12-10
H740,"Rayam, Jemell",Det,WD 2,2017-01-06,2017-03-01
H752,"Featherstone, Jeff",Det,Detailed Out Pending Transfer 11/29,2012-11-25,2012-11-28
H752,"Featherstone, Jeff",Det,NE1,2012-01-04,2012-11-19
H764,"Vodarick, Michael",Det,ES1 (J),2012-01-04,2012-09-17
H776,"Campusano,",Det,Integrity Control/Command Investigations,2012-01-04,2012-06-13
H776,"Sears, Kawanda",Det,Command Investigations,2012-06-26,2012-10-01
H776,"Sears, Kawanda",Det,Command Investigations/Insp,2012-10-02,2012-10-15
H776,"Sears, Kawanda",Det,Integrity Control/Command Investigations,2012-06-18,2012-06-18
H780,"Moody, Krystal",Det,U/C Squad (V),2013-08-02,2013-08-02
H781,"Queen, Antonio",Det,Detailed Out,2016-11-28,2017-03-07
H781,"Queen, Antonio",Det,Detailed Out Pending Transfer 11/29,2012-11-25,2012-11-28
H781,"Queen, Antonio",Det,Violence Reduction Team 2,2016-08-19,2016-11-09
H781,"Queen, Antonio",Det,WS Comm Stabilization Team 1,2016-03-10,2016-08-09
H781,"Queen, Antonio",Det,WS4 (N),2012-01-04,2012-11-19
H782,"Bennett, Jason",Sgt,Citi Watch,2017-03-01,2017-11-27
H791,"Scott, Kenneth",Det,ES1 (J),2012-01-04,2012-03-20
H792,"Finein, William",Det,NW2 (B),2012-01-04,2012-12-18
H792,"Finein, William",P/O,NW2,2013-02-20,2013-05-15
H792,"Finein, William",P/O,Suspended,2013-08-02,2013-08-02
H798,"Raheem, Shelia",P/O,Squad A,2013-07-16,2013-10-14
H798,"Raheem, Shelia",P/O,Squad B,2013-08-21,2013-09-27
H831,"Allgood, Verillion",Det,Crime Analysis/ComStat/Intel,2012-01-04,2012-06-18
H831,"Githara, Verillion",Det,Crime Analysis/ComStat/Intel,2012-06-26,2012-12-18
H831,"Githara, Verlillian",Det,Detailed Out,NA,NA
H831,"Githara, Verlillian",Det,Intel,2014-09-23,2015-03-23
H831,"Githara, Verlillian",Det,Military Leave,2013-07-16,2014-09-23
H832,"Gondo, Momodu",Det,Detailed Out,2017-02-03,2017-03-01
H832,"Gondo, Momodu",Det,Gun Trace Task Force,2015-08-04,2016-08-09
H832,"Gondo, Momodu",Det,Gun Trace Task Force 1,2016-08-19,2016-12-10
H832,"Gondo, Momodu",Det,Gun Trace Task Force-Sq 1,2012-01-04,2012-03-26
H832,"Gondo, Momodu",Det,WD 2,2017-01-06,2017-02-02
H847,"Sailor, Austin",Det,VRO Squad-East,2012-01-04,2012-07-11
H852,"McWilliams, Brandon",Det,NE2,2012-05-17,2012-12-18
H854,"Todd, Tanesha",P/O,Detailed Out,2013-09-05,2013-10-14
H854,"Todd, Tanesha",P/O,Sgt,2013-07-16,2013-08-19
H868,"DiPaola, Jeffrey",Det,NW3 (C),2012-01-04,2012-01-12
H873,"Young, Deborah",Det,Captain,2015-08-24,2016-01-05
H873,"Young, Deborah",Det,ComStat / CA / H&S / CI's,2016-01-27,2016-06-27
H873,"Young, Deborah",Det,Detailed Out,2016-07-06,2016-07-21
H884,"Biggers, Sherrod",Det,Detailed Out,2015-01-16,2015-05-11
H884,"Biggers, Sherrod",Det,NW2 (B),2012-01-04,2012-12-18
H884,"Biggers, Sherrod",Det,U/C Squad (V),2013-08-02,2013-08-02
H884,"Biggers, Sherrod",P/O,NW2,2013-02-20,2013-07-26
H886,"Janu, William",Det,ES Enforcement Team,2016-03-10,2016-08-09
H886,"Janu, William",Det,ES1 (J),2012-01-04,2012-12-18
H886,"Janu, William",Det,ES2,2013-10-21,2014-05-30
H886,"Janu, William",Det,Intel Ops,2017-01-06,2017-02-02
H886,"Janu, William",Det,NW1,2015-01-11,2015-05-20
H886,"Janu, William",Det,SES 1,2015-05-28,2015-11-11
H886,"Janu, William",Det,SEU 1,2015-11-12,2016-03-09
H886,"Janu, William",Det,WS1,2014-06-17,2014-11-06
H886,"Janu, William",Det,WS2,2014-06-12,2014-06-16
H886,"Janu, William",P/O,ES1,2013-02-20,2013-08-27
H886,"Janu, William",P/O,ES2,2013-09-05,2013-10-14
H892,"Saunders, Antonio",Det,Det,2014-05-30,2014-05-30
H892,"Saunders, Antonio",Det,Detailed Out,2016-11-28,2017-03-07
H892,"Saunders, Antonio",Det,ES Comm Stabilization Team 1,2016-06-13,2016-08-09
H892,"Saunders, Antonio",Det,ES Enforcement Team,2016-04-29,2016-05-31
H892,"Saunders, Antonio",Det,ES2,2014-10-07,2014-11-06
H892,"Saunders, Antonio",Det,NW1,2015-01-11,2015-05-20
H892,"Saunders, Antonio",Det,RATT Squad 2,2016-11-09,2016-11-09
H892,"Saunders, Antonio",Det,SES 1,2015-05-28,2015-11-11
H892,"Saunders, Antonio",Det,SEU 1,2015-11-12,2015-11-12
H892,"Saunders, Antonio",Det,Violence Reduction Team 1,2016-08-19,2016-10-24
H892,"Saunders, Antonio",Det,WS1,2013-10-21,2014-09-23
H892,"Saunders, Antonio",Det,WS2,2014-06-12,2014-06-16
H892,"Saunders, Antonio",Det,WS3,2012-01-04,2012-11-19
H892,"Saunders, Antonio",Det,WS4 (N),2012-11-25,2012-12-18
H892,"Saunders, Antonio",P/O,WS4,2013-03-08,2013-10-14
H892,"Saunders, Antonio",P/O,WS4 (N),2013-02-20,2013-03-05
H894,"Ciotti, David",Det,Detailed Out Pending Transfer 11/29,2012-11-25,2012-11-28
H894,"Ciotti, David",Det,ES2 (K),2012-06-18,2012-12-03
H894,"Ciotti, David",Det,WS1,2012-01-04,2012-06-13
H913,"Kraus, Damion",Det,WS3,2012-01-04,2012-11-19
H913,"Kraus, Damion",Det,WS8 (Q),2012-11-25,2012-12-18
H913,"Kraus, Damion",P/O,Sgt,2013-07-16,2013-08-20
H913,"Kraus, Damion",P/O,WS3,2013-03-08,2013-06-06
H913,"Kraus, Damion",P/O,WS8 (Q),2013-02-20,2013-03-05
H913,"Krauss, Damion",P/O,Sgt,2013-08-21,2013-09-05
H913,"Krauss, Damion",P/O,WS3,2013-09-09,2013-10-14
H923,"Slack, Steven",Det,Suspended,2013-08-02,2013-08-02
H923,"Slack, Steven",P/O,NW1,2013-03-05,2013-03-25
H923,"Slack, Steven",P/O,NW3,2013-02-20,2013-03-01
H923,"Slack, Steven",P/O,NW3 (C),2012-11-25,2012-12-18
H930,"Coleman, Kyesha",Det,Light Duty,2013-08-02,2013-08-02
H937,"West, Jeffrey",Det,NE2,2012-01-04,2012-08-01
H939,"Small, Antwon",Det,Watch Center,2017-01-06,2017-06-12
H942,"Cabreja, Emmanuel",Det,ATT,2015-08-04,2017-05-15
H944,"Kelly, Josh",Det,NE3,2012-01-04,2012-02-13
H944,"Kelly, Joshua",Det,NE3,2012-04-02,2012-12-18
H944,"Kelly, Joshua",P/O,NE1,2013-02-20,2013-06-06
H946,"Peters, Glenn",Det,NE1,2012-01-04,2012-12-18
H946,"Peters, Glenn",P/O,NE1,2013-02-20,2013-06-06
H949,"Small, Antwon",Det,Watch Center,2015-08-04,2017-11-27
H966,"Corso, Robert",Det,Detailed Out Pending Transfer 11/29,2012-11-25,2012-11-28
H966,"Corso, Robert",Det,NE2,2012-01-04,2012-08-01
H967,"Dinnuno, Matt",Det,ATT,2015-08-04,2017-05-15
H967,"DiNunno, Matthew",Det,NE1,2012-01-04,2012-01-12
H967,"DiNunno, Matthew",Det,VRO Squad-East,2012-01-20,2012-12-18
H968,"Hernandez, Eduardo",Det,NE3,2012-04-02,2012-12-18
H968,"Hernandez, Eduardo",P/O,NE1,2013-02-20,2013-06-06
H968,"Hernandez, Edward",Det,NE3,2012-01-04,2012-02-13
H974,"Waller, Keona",Off,Watch Center,2015-08-04,2015-08-06
H974,"Waller, Keonna",Det,Watch Center,2017-01-06,2017-11-27
I009,"Zdura, Andrew",Det,ATT,2015-08-04,2017-05-15
I012,"Hicks, Dane",Det,Detailed Out Pending Transfer 11/29,2012-11-25,2012-11-28
I012,"Hicks, Dane",Det,ES2 (K),2012-01-04,2012-12-03
I045,"Albino, Monica",Det,Command Investigations,2013-10-21,2014-01-17
I045,"Albino, Monica",Det,Detailed Out,2014-01-24,2014-02-26
I045,"Albino, Monica",P/O,Command Investigations,2013-08-19,2013-10-14
I045,"Alston, Monica",Det,Command Investigations,2014-04-08,2014-07-31
I045,"Alston, Monica",Det,Commander's Admin,2017-09-13,2017-09-19
I045,"Alston, Monica",Det,ComStat / CA / H&S / CI's,2016-08-31,2017-09-06
I045,"Alston, Monica",Det,Detailed Out,2014-03-11,2014-03-11
I045,"Alston, Monica",P/O,Command Investigations,2013-07-16,2013-08-08
I100,"Ryckman, Mathew",Det,Grp 54,2015-08-04,2016-08-09
I100,"Ryckman, Matt",Det,WS2,2013-10-21,2014-01-24
I100,"Ryckman, Matthew",Det,WS2,2014-01-30,2014-02-06
I115,"Gatto, Abraham",P/O,NW4,2013-08-21,2013-10-14
I115,"McKnight, Ab",Det,NW3 (C),2012-10-08,2012-10-08
I115,"McKnight, Abe",P/O,NW3,2013-03-18,2013-06-06
I115,"McKnight, Abe",P/O,NW4,2013-07-16,2013-08-20
I115,"McKnight, Abe",P/O,Sgt,2013-06-04,2013-06-04
I115,"McKnight, Abraham",Det,NW3 (C),2012-01-04,2012-07-23
I129,"Felder, Darryl",Det,WS7,2012-01-04,2012-12-18
I129,"Felder, Darryl",P/O,Medical,2013-08-02,2013-08-02
I129,"Felder, Darryl",P/O,WS2,2013-03-08,2013-06-04
I129,"Felder, Darryl",P/O,WS7,2013-02-20,2013-03-05
I159,"Pietryak, David",Det,ES Enforcement Team,2016-08-08,2016-08-09
I159,"Pietryak, David",Det,ES Response Team,2016-03-10,2016-08-04
I159,"Pietryak, David",Det,Gun Trace Task Force 2,2016-08-19,2016-11-09
I159,"Pietryak, David",Det,GVED ASA Unit,2017-01-06,2017-11-27
I159,"Pietryak, David",Det,Major Case Squad 1,2013-10-21,2014-11-06
I159,"Pietryak, David",Det,NW3,2015-01-11,2015-05-20
I159,"Pietryak, David",Det,SAO Gun Unit,2016-11-28,2016-12-10
I159,"Pietryak, David",Det,SES 4,2015-05-28,2015-11-11
I159,"Pietryak, David",Det,SEU 4,2015-11-12,2016-03-09
I159,"Pietryak, David",Det,WS8 (Q),2012-11-25,2012-12-18
I159,"Pietryak, David",P/O,Sgt,2013-07-16,2013-09-05
I159,"Pietryak, David",P/O,WS3,2013-03-08,2013-10-14
I159,"Pietryak, David",P/O,WS8 (Q),2013-02-20,2013-03-05
I169,"Lake, Agustus",P/O,NW2,2013-02-27,2013-02-27
I169,"Lake, Augustus",Det,NW2 (B),2012-01-04,2012-07-23
I176,"Avery, Brandon",Det,Cease Fire 1,2014-05-30,2016-02-09
I176,"Avery, Brandon",Det,Cease Fire 2,2015-09-15,2016-12-10
I176,"Avery, Brandon",Det,NW1,2017-01-06,2017-01-06
I176,"Avery, Brandon",Det,WS3,2013-10-21,2014-05-27
I176,"Avery, Brandon",Det,WS8 (Q),2012-01-04,2012-12-18
I176,"Avery, Brandon",P/O,Sgt,2013-07-16,2013-09-05
I176,"Avery, Brandon",P/O,WS3,2013-03-08,2013-10-14
I176,"Avery, Brandon",P/O,WS8 (Q),2013-02-20,2013-03-05
I192,"Mangano, John",Det,Cease Fire 3,2015-01-11,2015-01-28
I192,"Mangano, John",Det,ES4,2013-10-21,2014-11-06
I192,"Mangano, John",P/O,Sgt,2013-09-20,2013-09-20
I192,"Mangano, John",P/O,Squad B,2013-07-16,2013-10-14
I192,"Mangano, John Jr",Det,Cease Fire 3,2015-02-20,2015-10-13
I203,"Montemarano, Nich",Det,Grp 54,2015-08-04,2015-12-08
I203,"Montemarano, Nich",Det,NW1 (A),2012-01-04,2012-11-19
I203,"Montemarano, Nich",Det,NW4 (D),2012-11-25,2012-12-18
I203,"Montemarano, Nich",Det,VRO Squad,2013-10-21,2014-02-06
I203,"Montemarano, Nich",P/O,NW4,2013-02-20,2013-10-14
I203,"Montemarano, Nicholas",Det,Grp 54,2015-12-14,2017-11-27
I206,"Higley, Graig",Det,NW4 (D),2012-11-25,2012-12-18
I206,"Higley, Graig",P/O,NW1 (A),2012-08-02,2012-08-06
I209,"Martin, Michael",Det,U/C Squad (V),2013-08-02,2013-08-02
I219,"Chase, Keith",P/O,Suspended,2013-08-02,2013-08-02
I226,"Gaskins, Kyle",P/O,Squad A,2013-07-16,2013-09-30
I232,"Garrett, Jonathan",Det,Major Case Squad 1,2013-10-21,2014-11-06
I232,"Garrett, Jonathan",Det,NW3,2015-01-11,2015-05-20
I232,"Garrett, Jonathan",Det,WS3,2012-01-04,2012-11-19
I232,"Garrett, Jonathan",Det,WS4 (N),2012-11-25,2012-12-18
I232,"Garrett, Jonathan",P/O,WS4,2013-03-08,2013-10-14
I232,"Garrett, Jonathan",P/O,WS4 (N),2013-02-20,2013-03-05
I233,"Abdi, Ezekiel",Det,WS3,2012-01-04,2012-11-19
I233,"Abdi, Ezekiel",Det,WS5 (O),2012-11-25,2012-12-18
I233,"Abdi, Ezekiel",P/O,City Wide Intel,2013-02-20,2013-04-10
I233,"Abdi, Ezekiel",Sgt,ES Enforcement Team,2016-03-10,2016-08-09
I233,"Abdi, Ezekiel",Sgt,Gun Trace Task Force 2,2016-08-19,2016-12-10
I233,"Abdi, Ezekiel",Sgt,SES 1,2015-10-01,2015-11-11
I233,"Abdi, Ezekiel",Sgt,SEU 1,2015-11-12,2016-03-09
I233,"Abdi, Ezekiel",Sgt,SW 1,2017-01-06,2017-03-02
I234,"Akinwande, Olufemi",P/O,Squad A,2013-07-16,2013-10-14
I237,"Baio, Sal",Det,ComStat / CA / H&S / CI's,2014-06-12,2014-06-30
I237,"Baio, Salvatore",Det,ES2,2013-10-21,2014-05-30
I237,"Baio, Salvatore",Det,ES5 (I),2012-02-13,2012-12-18
I237,"Baio, Salvatore",Det,ES9 (I),2012-01-04,2012-02-09
I237,"Baio, Salvatore",P/O,ES5,2013-02-20,2013-10-14
I270,"Mellos, Alexandros",Det,NW2 (B),2012-01-04,2012-10-15
I287,"Jones, Reginald",Det,NW3 (C),2012-01-04,2012-08-01
I296,"Vignola, Carm",Det,WS1,2014-01-07,2014-03-11
I296,"Vignola, Carmine",Det,Cease Fire 1,2014-05-30,2016-10-24
I296,"Vignola, Carmine",Det,GVED ASA Unit,2017-10-20,2017-11-27
I296,"Vignola, Carmine",Det,WS1,2014-04-08,2014-05-27
I313,"Reed, Takiyha",Det,Detailed Out,2015-01-16,2015-05-11
I313,"Reed, Takiyha",Det,U/C Squad (V),2013-08-02,2013-08-02
I315,"Gause, Michael",Det,Cease Fire 3,2015-01-11,2016-12-10
I315,"Gause, Michael",Det,Detailed Out,2017-02-03,2017-03-07
I315,"Gause, Michael",Det,ED 1,2017-01-06,2017-02-02
I315,"Gause, Michael",Det,ES4,2013-10-21,2014-11-06
I315,"Gause, Michael",P/O,Squad C,2013-07-16,2013-10-14
I329,"Ambrose, Wayne",P/O,Sgt,2013-08-21,2013-09-09
I329,"Ambrose, Wayne",P/O,Squad A,2013-07-24,2013-08-20
I329,"Ambrose, Wayne",P/O,WS4,2013-09-10,2013-10-14
I330,"Carter, Ronald",P/O,Light Duty,2013-08-02,2013-08-02
I339,"Hood, Bradley",Det,ATF DISARM,2015-08-04,2017-01-25
I339,"Hood, Bradley",Det,Detailed Out,2017-02-02,2017-03-07
I357,"Wiczulis, Joseph",Det,Cease Fire 4,2015-01-11,2015-09-30
I357,"Wiczulis, Joseph",Det,ES2 (K),2012-01-04,2012-12-18
I357,"Wiczulis, Joseph",Det,ES3,2013-10-21,2014-11-06
I357,"Wiczulis, Joseph",P/O,ES2,2013-03-08,2013-08-27
I357,"Wiczulis, Joseph",P/O,ES2 (K),2013-02-20,2013-03-05
I357,"Wiczulis, Joseph",P/O,ES3,2013-09-05,2013-10-14
I364,"Booth, Cedric",Det,Detailed from U/C Squad 1,2017-10-25,2017-11-27
I368,"Fox, Jessica",Det,WS8 (Q),2012-01-04,2012-07-11
I368,"Meehan, Jessica",Det,WS8 (Q),2012-05-03,2012-11-25
I370,"Hankard, Robert",Det,Cease Fire 1,2014-05-30,2015-01-28
I370,"Hankard, Robert",Det,WS1,2014-04-08,2014-05-27
I370,"Hankard, Robert Jr",Det,Cease Fire 1,2015-02-20,2016-12-10
I370,"Hankard, Robert Jr",Det,NW1,2017-01-06,2017-03-02
I370,"Hankard, Robt",Det,WS1,2014-01-07,2014-03-11
I377,"Lewellen,",P/O,Detailed Out,2013-02-20,2013-04-01
I377,"Lewellen, Adam",Det,ES4 (E),2012-01-04,2012-08-16
I377,"Lewellen, Adam",P/O,Suspended,2013-08-02,2013-08-02
I385,"Tiedemann, Keith",Det,Det,2014-05-30,2014-05-30
I385,"Tiedemann, Keith",Det,ES3 (L),2012-01-24,2012-03-20
I385,"Tiedemann, Keith",Det,ES8 (H),2012-01-04,2012-01-20
I385,"Tiedemann, Keith",Det,NE3,2012-03-21,2012-12-18
I385,"Tiedemann, Keith",Det,WS3,2013-10-21,2014-05-27
I385,"Tiedemann, Keith",P/O,Suspended,2013-08-02,2013-08-02
I406,"Price, Gregory",Det,Det,2014-05-30,2014-05-30
I406,"Price, Gregory",Det,WS3,2013-10-21,2014-05-27
I406,"Price, Gregory",P/O,Squad B,2013-07-16,2013-10-14
I407,"Foster, Dontae",Det,Det,2014-05-30,2014-05-30
I407,"Foster, Dontae",Det,WS3,2013-10-21,2014-05-27
I407,"Foster, Dontae",P/O,Squad A,2013-07-16,2013-10-14
I426,"Wigley, Robert",Det,ES4 (E),2012-01-04,2012-12-03
I429,"Galeano, Keith",Det,ES Enforcement Team,2016-03-10,2016-08-09
I429,"Galeano, Keith",Det,ES2,2014-06-12,2014-11-06
I429,"Galeano, Keith",Det,Gun Trace Task Force 2,2016-08-19,2016-12-10
I429,"Galeano, Keith",Det,NW1,2015-01-11,2015-05-20
I429,"Galeano, Keith",Det,SES 1,2015-05-28,2015-11-10
I429,"Galeano, Keith",Det,SEU 1,2016-02-18,2016-03-09
I429,"Galeano, Keith",Det,SW 1,2017-01-06,2017-03-02
I432,"Hill, Ryan",Det,Cease Fire 1,2015-09-15,2016-09-21
I432,"Hill, Ryan",Det,Cease Fire 2,2016-01-27,2016-02-09
I432,"Hill, Ryan",Det,Cease Fire 4,2016-09-26,2016-12-10
I432,"Hill, Ryan",Det,ED 2,2017-01-06,2017-03-02
I432,"Hill, Ryan",P/O,Cease Fire 2,2015-03-23,2016-01-05
I434,"Mattingly, Dale",P/O,Sgt,2013-07-16,2013-09-10
I434,"Mattingly, Dale",P/O,Squad B,2013-09-20,2013-10-14
I480,"Kluttz, Brent",Det,Admin/ComStat/CA/Intel,2013-07-16,2013-10-14
I480,"Kluttz, Brent",Det,Crime Analysis/ComStat/Intel,2012-01-04,2012-12-18
I480,"Kluttz, Brent",Det,HIDTA Watch Center,2015-10-01,2016-08-04
I480,"Kluttz, Brent",Det,Intel,2013-10-21,2015-09-30
I481,"Tasher, Abraham",Det,Major Case Squad 3,2014-10-15,2014-11-06
I481,"Tasher, Abraham",Det,NW2,2015-01-11,2015-01-28
I481,"Tasher, Abraham",Det,VRO Squad,2014-10-07,2014-10-07
I481,"Tasher, Abraham",Det,WS1,2013-10-21,2014-09-23
I481,"Tasher, Abraham",Det,WS2,2014-05-12,2014-06-16
I481,"Tasher, Abraham",P/O,WS2,2013-04-08,2013-10-14
I481,"Tasher, Avraham",Det,ES Comm Stabilization Team 1,2016-08-08,2016-08-09
I481,"Tasher, Avraham",Det,ES Response Team,2016-03-10,2016-08-04
I481,"Tasher, Avraham",Det,FBI Safe Streets \ Gangs,2017-06-12,2017-11-27
I481,"Tasher, Avraham",Det,Gang Unit - Loc 347,2016-09-21,2017-05-15
I481,"Tasher, Avraham",Det,NW2,2015-02-20,2015-05-20
I481,"Tasher, Avraham",Det,SES 2,2015-05-28,2015-06-01
I481,"Tasher, Avraham",Det,SES 4,2015-06-02,2015-11-11
I481,"Tasher, Avraham",Det,SEU 4,2015-11-12,2016-03-09
I481,"Tasher, Avraham",Det,Violence Reduction Team 1,2016-08-19,2016-09-01
I481,"Tasher, Avraham",Det,WS7,2012-01-04,2012-12-18
I481,"Tasher, Avraham",P/O,WS2,2013-03-08,2013-04-01
I481,"Tasher, Avraham",P/O,WS7,2013-02-20,2013-03-05
I496,"Moore, Jordan",Det,ES2 (K),2012-01-04,2012-07-30
I496,"Moore, Jordan",Det,ES3,2013-10-21,2014-11-06
I496,"Moore, Jordan",Det,ES3 (L),2012-08-01,2012-12-18
I496,"Moore, Jordan",P/O,ES3,2013-02-20,2013-10-14
I496,"Moore, Jordan",P/O,Light Duty,2013-08-02,2013-08-02
I496,"Moore, Jordan",Sgt,WD 2,2017-01-06,2017-03-02
I497,"Nelson, Yolanda",P/O,Light Duty,2013-08-02,2013-08-02
I497,"Nelson, Yolanda",P/O,Squad B,2013-09-27,2013-10-14
I500,"Corrigan, Patrick",Det,WS8 (Q),2012-11-25,2012-12-18
I500,"Corrigan, Patrick",P/O,Sgt,2013-07-16,2013-09-05
I500,"Corrigan, Patrick",P/O,WS3,2013-03-08,2013-10-14
I500,"Corrigan, Patrick",P/O,WS8 (Q),2013-02-20,2013-03-05
I523,"Lam, Moussa",P/O,Squad A,2013-09-30,2013-10-14
I523,"Lam, Moussa",P/O,Squad B,2013-07-16,2013-09-27
I562,"Neptune, Mark",Det,Cease Fire 1,2014-05-30,2015-10-13
I562,"Neptune, Mark",Det,Cease Fire 2,2015-09-15,2015-09-15
I562,"Neptune, Mark",Det,FBI Safe Streets,2015-10-28,2017-06-08
I562,"Neptune, Mark",Det,FBI Safe Streets \ Gangs,2017-06-12,2017-11-27
I562,"Neptune, Mark",Det,VRO Squad,2013-10-21,2014-05-27
I562,"Neptune, Mark",P/O,NW2,2013-07-16,2013-10-14
I572,"Lunetta,",Det,NE1,2012-11-28,2012-12-04
I572,"Lunetta, Nicholas",Det,NE1,2012-02-03,2012-11-26
I572,"Lunetta, Nicholas",Det,WS3,2012-01-04,2012-01-24
I582,"Neptune, Mark",P/O,NW1,2013-02-20,2013-04-10
I591,"Verkest, Mark",P/O,Light Duty,2013-08-02,2013-08-02
I591,"Verkest, Mark",P/O,Sgt,2013-07-16,2013-07-23
I591,"Verkest, Mark",P/O,Squad B,2013-09-27,2013-10-14
I592,"Volk, Shane",Det,Detailed Out Pending Transfer 11/29,2012-11-25,2012-11-28
I592,"Volk, Shane",Det,ES4 (E),2012-04-02,2012-08-16
I599,"Vargas, Henry",Det,Felony/Robbery,2015-08-04,2017-05-15
I621,"White, Stephon",Det,Major Case Squad 3,2014-10-15,2014-11-06
I621,"White, Stephon",Det,NW2,2015-01-11,2015-05-20
I621,"White, Stephon",Det,NW4 (D),2012-08-02,2012-12-18
I621,"White, Stephon",Det,VRO Squad,2014-10-07,2014-10-07
I621,"White, Stephon",Det,WS2,2013-10-21,2014-09-23
I621,"White, Stephon",P/O,NW2,2013-03-05,2013-10-14
I621,"White, Stephon",P/O,NW4,2013-02-20,2013-03-01
I621,"White, Stephon",P/O,NW4 (D),2012-05-10,2012-08-01
I623,"Banks, Warren",Det,ES Comm Stabilization Team 1,2016-03-10,2016-08-09
I623,"Banks, Warren",Det,Military Leave,2016-11-09,2017-03-07
I623,"Banks, Warren",Det,Violence Reduction Team 1,2016-08-19,2016-10-24
I624,"Beal, Isaac",P/O,Squad A,2013-07-16,2013-09-30
I624,"Beal, Isaac",P/O,Squad C,2013-10-01,2013-10-14
I627,"Baublitz, Eric",Det,Detailed Out,2014-01-13,2014-08-04
I627,"Baublitz, Eric",Det,ES4,2013-10-21,2014-01-07
I627,"Baublitz, Eric",P/O,Squad C,2013-07-16,2013-10-14
I633,"Hopkins, Francisco",P/O,Squad B,2013-07-16,2013-08-27
I637,"Dickstein, Ryan",Det,Watch Center,2017-01-06,2017-07-12
I637,"Dickstein, Ryan",Off,Watch Center,2015-08-04,2015-08-06
I644,"Crystal, Joseph",Det,Detailed Out Pending Transfer 11/29,2012-11-25,2012-11-28
I644,"Crystal, Joseph",Det,WS5 (O),2012-01-04,2012-11-19
I644,"Warrington, Ava",P/O,WS7,2012-08-06,2012-08-06
I653,"Clark, Robert",Det,Cease Fire 3,2015-02-20,2016-12-10
I653,"Clark, Robert",Det,ED 1,2017-01-06,2017-03-02
I653,"Clark, Robert",Det,ES4,2014-06-12,2014-09-23
I653,"Clarke, Robert",Det,Cease Fire 3,2015-01-11,2015-01-28
I653,"Clarke, Robert",Det,ES4,2014-10-07,2014-11-06
I661,"Colburn III, David",Det,NW3,2015-02-20,2015-05-20
I661,"Colburn, David",Det,Major Case Squad 1,2013-10-21,2014-11-06
I661,"Colburn, David",Det,NW3,2015-01-11,2015-01-28
I661,"Colburn, David",P/O,WS2,2013-03-08,2013-10-14
I661,"Colburn, David",P/O,WS7,2012-08-06,2013-03-05
I664,"Warrington, Ava",Det,Detailed Out Pending Transfer 11/29,2012-11-25,2012-11-28
I671,"Blanchard, Jason",Det,Cease Fire 3,2015-01-11,2016-12-10
I671,"Blanchard, Jason",Det,ED 1,2017-01-06,2017-03-02
I671,"Blanchard, Jason",Det,ES4,2013-10-21,2014-11-06
I671,"Blanchard, Jason",P/O,Squad C,2013-07-16,2013-10-14
I675,"McCauley, David",Det,ES1,2014-01-30,2014-09-23
I675,"McCauley, David",Det,ES2,2013-10-21,2014-01-24
I675,"McCauley, David",Det,SES 2,2015-05-28,2015-11-11
I675,"McCauley, David",Det,SEU 2,2015-11-12,2016-02-09
I675,"McCauley, David",Det,SW2,2015-01-11,2015-05-20
I675,"McCauley, David",Det,WS3,2014-10-07,2014-11-06
I675,"McCauley, David",P/O,Squad A,2013-07-16,2013-10-14
I678,"Romeo, Timothy",Det,Cease Fire 4,2015-01-11,2016-12-10
I678,"Romeo, Timothy",Det,ED 2,2017-01-06,2017-03-02
I678,"Romeo, Timothy",Det,ES3,2013-10-21,2014-11-06
I678,"Romeo, Timothy",P/O,Squad A,2013-07-16,2013-10-14
I679,"Rosenblatt, Josh",P/O,Light Duty,2013-08-02,2013-08-02
I679,"Rosenblatt, Joshua",Det,ES3 (L),2012-01-04,2012-12-18
I679,"Rosenblatt, Joshua",P/O,ES3,2013-02-20,2013-10-14
I681,"Romey, Stephen",Det,Det,2014-05-30,2014-05-30
I681,"Romey, Stephen",Det,VRO Squad,2013-10-21,2014-05-27
I681,"Romey, Stephen",P/O,ES3,2013-02-20,2013-10-14
I681,"Romey, Stephen",P/O,ES3 (L),2012-11-25,2012-12-18
I695,"Hendrix, Evodio",Det,Gun Trace Task Force,2016-06-17,2016-08-09
I695,"Hendrix, Evodio",Det,Gun Trace Task Force 1,2016-08-19,2016-12-10
I695,"Hendrix, Evodio",Det,Major Case Squad 3,2014-10-15,2014-11-06
I695,"Hendrix, Evodio",Det,NW2,2015-01-11,2015-05-20
I695,"Hendrix, Evodio",Det,SES 2,2015-09-15,2015-11-11
I695,"Hendrix, Evodio",Det,SEU 2,2015-11-12,2016-03-09
I695,"Hendrix, Evodio",Det,Target,2015-08-04,2015-09-21
I695,"Hendrix, Evodio",Det,VRO Squad,2014-10-07,2014-10-07
I695,"Hendrix, Evodio",Det,WD 1,2017-01-06,2017-03-01
I695,"Hendrix, Evodio",Det,WS Response Team,NA,NA
I695,"Hendrix, Evodio",Det,WS2,2013-10-21,2014-09-23
I695,"Hendrix, Evodio",P/O,NW4,2013-02-20,2013-10-14
I698,"Johnson,",P/O,Detailed Out,2013-02-20,2013-05-06
I698,"Johnson, Timothy",Det,NE3,2012-01-04,2012-12-18
I709,"Fidler, Joshua",Det,ES1 (J),2012-01-24,2012-12-18
I709,"Fidler, Joshua",P/O,ES1,2013-02-20,2013-08-27
I709,"Fidler, Joshua",P/O,ES4,2013-09-05,2013-10-14
I711,"Clewell, John",Det,Detailed Out,2017-09-13,2017-11-27
I711,"Clewell, John",Det,Grp 57 - DEA SIG,2016-08-19,2017-03-01
I711,"Clewell, John",Det,Gun Trace Task Force,2015-08-04,2016-08-09
I717,"Pulliam, Robert",Det,Detailed Out,2016-11-28,2017-02-08
I717,"Pulliam, Robert",Det,ES Enforcement Team,2016-08-08,2016-08-09
I717,"Pulliam, Robert",Det,ES Response Team,2016-03-10,2016-08-04
I717,"Pulliam, Robert",Det,Gun Trace Task Force 2,2016-08-19,2016-11-09
I717,"Pulliam, Robert",Det,Major Case Squad 1,2014-10-07,2014-11-06
I717,"Pulliam, Robert",Det,NW3,2015-01-11,2015-05-20
I717,"Pulliam, Robert",Det,SES 4,2015-05-28,2015-11-11
I717,"Pulliam, Robert",Det,SEU 4,2015-11-12,2016-03-09
I717,"Pulliam, Robert",Det,WS1,2014-06-12,2014-06-16
I717,"Pulliam, Robert",Det,WS4,2013-10-21,2014-09-23
I717,"Pulliam, Robert",P/O,Squad A,2013-07-16,2013-10-14
I718,"Roberts, Roy",Det,ES Comm Stabilization Team 1,2016-03-10,2016-03-29
I718,"Roberts, Roy",Det,Gang Unit - Loc 347,2016-04-06,2016-11-28
I725,"Taylor, Marcus",Det,Gun Trace Task Force,2016-06-17,2016-08-09
I725,"Taylor, Marcus",Det,Gun Trace Task Force 1,2016-08-19,2016-12-10
I725,"Taylor, Marcus",Det,SES 2,2015-10-01,2015-11-11
I725,"Taylor, Marcus",Det,SES 3,2015-05-28,2015-09-30
I725,"Taylor, Marcus",Det,SEU 2,2015-11-12,2016-03-09
I725,"Taylor, Marcus",Det,SW3,2015-01-11,2015-05-20
I725,"Taylor, Marcus",Det,WD 1,2017-01-06,2017-03-01
I725,"Taylor, Marcus",Det,WS Response Team,NA,NA
I725,"Taylor, Marcus",Det,WS1,2014-06-12,2014-06-16
I725,"Taylor, Marcus",Det,WS4,2013-10-21,2014-11-06
I725,"Taylor, Marcus",P/O,Squad A,2013-07-16,2013-10-14
I726,"Cirillo, Anthony",Det,Cease Fire 1,2014-06-12,2014-06-12
I726,"Toro-Munford,",Det,Cease Fire 1,2015-09-15,2016-04-25
I726,"Toro-Munford,",Det,Cease Fire 2,2015-03-23,2016-02-09
I726,"Toro-Munford,",P/O,Cease Fire 2,2014-06-12,2015-02-23
I726,"Toro-Munford, Tarik",Det,Cease Fire 1,2016-04-29,2016-12-10
I726,"Toro-Munford, Tarik",Det,NW1,2017-01-06,2017-03-02
I740,"Coffin, Brian",Det,Cease Fire 3,2015-01-11,2016-12-10
I740,"Coffin, Brian",Det,Detailed Out,2017-02-03,2017-03-07
I740,"Coffin, Brian",Det,ED 1,2017-01-06,2017-01-06
I740,"Coffin, Brian",Det,ES4,2013-10-21,2014-11-06
I740,"Coffin, Brian",P/O,Squad C,2013-07-16,2013-10-14
I743,"Strohman, Todd",Det,ES1 (J),2012-01-24,2012-09-17
I751,"Jenkins, Amanda",Det,Detailed Out,2015-08-04,2015-08-06
I751,"Jenkins, Amanda",Det,Light Duty,2013-08-02,2013-08-02
I760,"Hemmerly, Grant",Det,Gun Trace Task Force 2,2016-11-09,2016-12-10
I760,"Hemmerly, Grant",Det,SW 1,2017-01-06,2017-03-02
I762,"Rosier, Steven",Det,ES2,2013-10-21,2014-10-20
I762,"Rosier, Steven",P/O,ES2,2013-09-30,2013-10-14
I762,"Rosier, Steven",P/O,Light Duty,2013-08-02,2013-08-02
I762,"Rosier, Steven",P/O,NW2,2013-08-06,2013-09-27
I786,"Yourkovik, Kurt",P/O,NW3,2013-02-20,2013-06-06
I786,"Yourkovik, Kurt",P/O,Sgt,2013-06-04,2013-06-04
I786,"Yourkovik, Kurt",P/O,Suspended,2013-08-02,2013-08-02
I792,"Rosier, Steven",P/O,NW1,2013-02-20,2013-04-10
I797,"Thomas, Chris",Det,Detailed Out,2016-11-28,2017-03-07
I797,"Thomas, Chris",Det,Gun Trace Task Force 3,2016-08-19,2016-11-09
I797,"Thomas, Chris",Det,SES 3,2015-05-28,2015-11-11
I797,"Thomas, Chris",Det,SEU 3,2015-11-12,2016-03-09
I797,"Thomas, Chris",Det,SW3,2015-01-11,2015-05-20
I797,"Thomas, Chris",Det,WS Enforcement Team,2016-03-10,2016-08-09
I797,"Thomas, Chris",Det,WS1,2014-06-12,2014-06-16
I797,"Thomas, Chris",Det,WS4,2013-10-21,2014-11-06
I797,"Thomas, Chris",P/O,Squad A,2013-07-16,2013-10-14
I847,"Frieman, Ben",Det,WS2,2013-10-21,2014-01-24
I847,"Frieman, Benjamin",Det,Intel,2015-03-25,2015-04-20
I847,"Frieman, Benjamin",Det,Intel / War Room,2016-08-31,2017-04-18
I847,"Frieman, Benjamin",Det,Major Case Squad 3,2014-10-15,2014-11-06
I847,"Frieman, Benjamin",Det,NW2,2015-01-11,2015-03-23
I847,"Frieman, Benjamin",Det,VRO Squad,2014-10-07,2014-10-07
I847,"Frieman, Benjamin",Det,WS2,2014-01-30,2014-09-23
I870,"Riveria-Martinez, Car",P/O,NW2,2013-02-20,2013-10-14
I870,"Riveria-Martinez, Car",P/O,NW4,2013-03-05,2013-09-27
I880,"Hobe, Allyson",Det,Violence Reduction Team 2,2016-08-19,2016-12-10
I880,"Hobe, Allyson",Det,WD 2,2017-01-06,2017-03-02
I880,"Hobe, Allyson",Det,WS Comm Stabilization Team 1,2016-03-10,2016-08-09
I920,"Milles, Jeffrey",Det,Intel / War Room,2016-02-18,2017-11-27
I925,"Young, Thomas",Det,Detailed Out,2016-11-28,2017-03-07
I925,"Young, Thomas",Det,Gun Trace Task Force 3,2016-08-19,2016-11-09
I925,"Young, Thomas",Det,SES 3,2015-05-28,2015-11-10
I925,"Young, Thomas",Det,SW3,2015-01-11,2015-05-20
I925,"Young, Thomas",Det,WS Enforcement Team,2016-06-24,2016-08-09
I925,"Young, Thomas",Det,WS1,2014-06-12,2014-06-16
I925,"Young, Thomas",Det,WS4,2013-10-21,2014-11-06
I925,"Young, Thomas",P/O,Squad A,2013-07-16,2013-10-14
I938,"Choi, Shawn",P/O,Light Duty,2013-08-02,2013-08-02
I938,"Choi, Shawn",P/O,Squad A,2013-09-27,2013-10-14
I942,"Ojeda, Ricardo",Det,Cease Fire 3,2016-02-18,2016-12-10
I942,"Ojeda, Ricardo",Det,ED 1,2017-01-06,2017-03-02
I947,"Paltoo, Anim",Det,Cyber Crimes Unit,2017-01-06,2017-11-27
I967,"Estes,",P/O,ES2 (K),2013-02-20,2013-03-05
I967,"Estes, Donald",P/O,ES2,2013-03-08,2013-07-16
I967,"Estes, Donald",P/O,ES2 (K),2013-02-25,2013-02-25
I967,"Estes, Donald",P/O,Suspended,2013-08-02,2013-08-02
I995,"Kincaid, David",Det,ES Comm Stabilization Team 1,2016-03-10,2016-08-09
I995,"Kincaid, David",Det,Gun Trace Task Force 3,2016-11-09,2016-11-28
I995,"Kincaid, David",Det,SW 2,2017-01-06,2017-03-02
I995,"Kincaid, David",Det,Violence Reduction Team 1,2016-08-19,2016-10-24
I995,"Kincaid, David",Det,Violence Reduction Team 2,2016-12-10,2016-12-10
J020,"Tallmadge, Mark",Det,Violence Reduction Team 2,2016-08-19,2016-12-10
J020,"Tallmadge, Mark",Det,WD 2,2017-01-06,2017-03-02
J020,"Tallmadge, Mark",Det,WS Comm Stabilization Team 1,2016-03-10,2016-08-09
J024,"Smith, Phillip",Det,FBI Safe Streets \ Gangs,2017-06-12,2017-11-27
J024,"Smith, Phillip",Det,Gang Unit - Loc 347,2015-08-04,2017-05-15
J024,"Smith, Phillip",Det,Grp 57 - DEA SIG,2015-10-28,2016-02-04
J033,"Badgujar, Anand",Det,ES2,2013-10-21,2014-11-06
J033,"Badgujar, Anand",P/O,ES1,2013-07-16,2013-08-27
J033,"Badgujar, Anand",P/O,ES2,2013-09-05,2013-10-14
J036,"Iacovo,",P/O,ES2 (K),2013-02-20,2013-03-05
J036,"Iacovo, Peter",Det,Cease Fire 4,2015-01-11,2016-12-10
J036,"Iacovo, Peter",Det,ED 2,2017-01-06,2017-01-06
J036,"Iacovo, Peter",Det,ES3,2013-10-21,2014-11-06
J036,"Iacovo, Peter",P/O,ES2,2013-03-08,2013-08-21
J036,"Iacovo, Peter",P/O,ES2 (K),2013-02-25,2013-02-25
J036,"Iacovo, Peter",P/O,ES3,2013-09-05,2013-10-14
J039,"Bernardez-Ruiz, Jorge",Det,Detailed Out,2017-03-07,2017-03-07
J039,"Bernardez-Ruiz, Jorge",Det,Gun Trace Task Force 3,2016-08-19,2016-11-09
J039,"Bernardez-Ruiz, Jorge",Det,GVED ASA Unit,2017-01-06,2017-03-02
J039,"Bernardez-Ruiz, Jorge",Det,SAO Gun Unit,2016-11-28,2016-12-10
J039,"Bernardez-Ruiz, Jorge",Det,WS Enforcement Team,2016-03-10,2016-08-09
J040,"Davis, Phillip",P/O,Squad B,2013-07-16,2013-10-14
J054,"Vinias, Steven",Det,Violence Reduction Team 2,2016-08-19,2016-12-10
J054,"Vinias, Steven",Det,WS Comm Stabilization Team 1,2016-03-10,2016-08-09
J058,"Severino, Andres",Det,ES Comm Stabilization Team 1,2016-03-10,2016-05-31
J058,"Severino, Andres",Det,ES Enforcement Team,2016-06-13,2016-08-09
J058,"Severino, Andres",Det,Gun Trace Task Force 2,2016-08-19,2016-12-10
J058,"Severino, Andres",Det,SW 1,2017-01-06,2017-03-02
J062,"Leventhall, Jason",Det,Cease Fire 2,2015-03-23,2016-12-10
J062,"Leventhall, Jason",Det,NW 2,2017-01-06,2017-03-02
J062,"Leventhall, Jason",P/O,Cease Fire 2,2014-06-12,2015-02-23
J066,"Hall, Maggie",P/O,Sgt,2013-09-20,2013-09-27
J066,"Hall, Maggie",P/O,Squad A,2013-10-01,2013-10-14
J066,"Hall, Maggie",P/O,Squad B,2013-07-16,2013-09-10
J066,"Hall, Maggie",P/O,Squad C,2013-09-30,2013-09-30
J072,"Salmon, Brian",Det,Cease Fire 2,2015-03-23,2016-12-10
J072,"Salmon, Brian",Det,NW 2,2017-01-06,2017-03-02
J072,"Salmon, Brian",P/O,Cease Fire 2,2014-06-12,2015-02-23
J078,"Crespo, Jomari",P/O,Cease Fire 2,2014-06-12,2014-06-16
J102,"Kostopolis, James",Det,Gun Trace Task Force 1,2016-10-24,2016-12-10
J102,"Kostopolis, James",Det,WD 1,2017-01-06,2017-02-02
J102,"Kostopolis, James",Det,WD 2,2017-02-03,2017-03-02
J110,"Melnick, Stephanie",Det,U/C Squad (V),2013-08-02,2013-08-02
J110,"Milles, Stephanie",Det,Asset Forfeiture Unit,2017-10-20,2017-11-27
J110,"Milles, Stephanie",Det,GVED ASA Unit,2017-01-06,2017-10-11
J110,"Milles, Stephanie",Det,SAO Gun Unit,2016-11-28,2016-12-10
J112,"Lynch, Wayne",Det,SW 2,2017-01-06,2017-03-02
J112,"Lynch, Wayne",Det,Violence Reduction Team 2,2016-08-19,2016-12-10
J112,"Lynch, Wayne",Det,WS Comm Stabilization Team 1,2016-03-10,2016-08-09
J126,"Waskiewicz, Daniel",Det,SW 2,2017-01-06,2017-03-02
J126,"Waskiewicz, Daniel",Det,Violence Reduction Team 2,2016-08-19,2016-12-10
J126,"Waskiewicz, Daniel",Det,WS Comm Stabilization Team 1,2016-03-10,2016-08-09
J146,"Charles, Rachel",Det,Cease Fire 2,NA,NA
J146,"Charles, Rachel",P/O,Cease Fire 2,2014-06-12,2015-02-23
J149,"Rogers, Norman",Det,Cease Fire 3,2016-03-10,2016-12-10
J149,"Rogers, Norman",Det,ED 1,2017-01-06,2017-03-02
J162,"Henry, Jeffrey",Det,ES Comm Stabilization Team 1,2016-03-10,2016-08-09
J162,"Henry, Jeffrey",Det,SW 2,2017-01-06,2017-03-02
J162,"Henry, Jeffrey",Det,Violence Reduction Team 1,2016-08-19,2016-10-24
J162,"Henry, Jeffrey",Det,Violence Reduction Team 2,2016-11-09,2016-12-10
J291,"Fassl, Kevin",Det,Cease Fire 3,2015-12-08,2015-12-08
J291,"Fassl, Kevin",Det,Cease Fire 4,2015-12-14,2016-12-10
J291,"Fassl, Kevin",Det,ED 2,2017-01-06,2017-03-02
J311,"Porter, William",Det,HIDTA Watch Center,2017-09-13,2017-11-27
J311,"Porter, William",Det,Watch Center,2017-01-06,2017-09-06
J319,"Padgett, James",Det,Cease Fire 2,2015-03-23,2015-04-24
J319,"Padgett, James",Det,Detailed In,2017-03-16,2017-05-15
J319,"Padgett, James",Det,Detailed Out,NA,NA
J319,"Padgett, James",P/O,Cease Fire 2,2014-06-12,2015-02-23
J334,"Rodriguez, Albert",Det,Cease Fire 1,2015-09-15,2015-09-15
J334,"Rodriguez, Albert",Det,Cease Fire 2,2015-03-23,2016-12-10
J334,"Rodriguez, Albert",Det,NW 2,2017-01-06,2017-03-02
J334,"Rodriguez, Albert",P/O,Cease Fire 2,2014-06-12,2015-02-23
J698,"Jones, Supreme",Off,Detailed In,2017-03-21,2017-05-01
S448,"McElroy, Denise",OAII,Professional Support Staff,2017-03-16,2017-03-27
S448,"McElroy, Denise",OAIII,Administrative Support,2012-07-02,2012-10-01
S448,"McElroy, Denise",OAIII,CI Funds / Payroll,2012-10-02,2012-12-18
S448,"McElroy, Denise",OAIII,Professional Support Staff,2013-07-16,2017-11-27
S448,"McElroy, Denise",OAIII,Sgt,2012-01-04,2012-06-26
S506,"Lassiter, Annette",OAIII,Administrative Support,2012-07-02,2012-10-01
S506,"Lassiter, Annette",OAIII,CI Funds / Payroll,2012-10-02,2012-12-18
S506,"Lassiter, Annette",OAIII,Professional Support Staff,2013-07-16,2017-11-27
S506,"Lassiter, Annette",OAIII,Sgt,2012-01-04,2012-06-26
S896,"Benett, Freda",DEOIII,Major's Admin,2017-01-06,2017-03-07
S896,"Benett, Freda",DEOIII,Professional Support Staff,2017-03-16,2017-11-27
S896,"Bennett, Freda",DE,Professional Support Staff,2015-08-04,2015-08-06
S972,"Roland, Sharon",OAII,Professional Support Staff,2015-08-19,2017-09-19
T,"Yeager, Christopher",RAII,Crime Analysis,2017-02-15,2017-03-07
T179,"Boots, Beth",C/AI,Administrative Support,2012-07-02,2012-08-02
T179,"Boots, Beth",C/AI,Sgt,2012-06-26,2012-06-26
T179,"Boots, Beth",C/AI,VRO Squad-East,2012-01-04,2012-02-23
T324,"Rabinowitz, Isaac",RAII,Civilian Admin Support,2015-08-04,2016-01-05
T598,"Bartone, Jocelyn",RAII,ComStat,2017-01-06,2017-06-12
T598,"Bartone, Jocelyn",RAII,Crime Analysis,2017-07-12,2017-11-27
T598,"Bartone, Joceyln",RAII,Analysts,2015-08-04,2015-08-06
T599,"Gaylord, Sarah",RAS,Analysts,2015-08-04,2015-08-06
T655,"Orenstein, Joe",RAII,Open Source,2015-08-04,2015-08-06
T655,"Orenstein, Joseph",RAIISupervisor,Crime Analysis,2017-01-06,2017-03-07
T655,"Orenstein, Joseph",RAS,Crime Analysis,2017-03-16,2017-06-12
T667,"Djan, Michael",RAII,Crime Analysis,2017-01-06,2017-02-10
T672,"Letren, Lisa",RAII,Crime Analysis,2017-03-16,2017-07-26
T672,"Letren, Lisa",RAII,Watch Center,2015-08-04,2017-03-07
T682,"Cheatam, Tony",RAII,Open Source,2015-08-04,2015-08-06
T687,"Djan, Michael",RAII,Analysts,2015-08-04,2015-08-06
T688,"Ji, Kai",RAII,Crime Analysis,2017-01-06,2017-11-27
T688,"Ji, Kai",RAII,Open Source,2015-08-04,2015-08-06
T691,"Margolis, Sam",RAII,ComStat,2015-08-04,2015-08-06
T691,"Margolis, Sam",RAII,Crime Analysis,2017-01-06,2017-11-27
T692,"Mont, Terr",RAII,ComStat,2017-01-06,2017-03-07
T692,"Mont, Terri",RAII,Analysts,2015-08-04,2015-08-06
T692,"Mont, Terri",RAII,ComStat,2017-03-16,2017-11-27
T694,"Collins, Marcos",RAII,Analysts,2015-08-04,2015-08-06
T694,"Collins, Marcos",RAII,Crime Analysis,2017-01-06,2017-11-27
T695,"Atkins, Tyler",RAII,Open Source,2015-08-04,2017-03-07
T697,"Radchecko, Yekaterina",RAII,Crime Analysis,2017-01-06,2017-02-10
T697,"Radchenko, Yekaterina",RAII,ComStat,2015-08-04,2015-08-06
T702,"Tupper, Becky",RAII,Analysts,2015-08-04,2015-08-06
T702,"Tupper, Becky",RAII,Crime Analysis,2017-01-06,2017-11-27
T702,"Tupper, Becky",RAII,Watch Center,2015-08-04,2015-08-06
T714,"Sabatino, Angela",RAII,Open Source,2017-01-06,2017-11-27
T771,"Bruno, Angela",RAII,Crime Analysis,2017-02-15,2017-11-27
T772,"Yeager, Christopher",RAII,ComStat,2017-07-12,2017-11-27
T772,"Yeager, Christopher",RAII,Open Source,2017-03-16,2017-06-12
Y726,"Vinson, Rayven",DEO,Professional Support Staff,2015-08-20,2015-12-07
